gas_level,temperature,humidity,flame_status,gas_change,temperature_change,risk_score,label
261.7,31.74,51.83,0,84.61,-0.51,1.26,Normal
316.09,26.92,69.41,0,24.63,0.0,6.2,Normal
791.99,65.56,26.99,1,-130.31,-20.35,89.29,Critical
273.17,31.85,61.83,0,-18.82,-1.48,13.61,Normal
941.59,67.89,19.21,1,179.09,-5.78,95.49,Critical
554.54,29.78,59.43,0,-84.53,-2.29,42.25,Gas Warning
899.96,78.64,35.24,1,119.28,9.18,97.48,Critical
440.43,35.48,59.31,0,-154.02,-1.1,36.95,Gas Warning
517.69,29.96,69.38,0,-80.92,-8.81,31.98,Gas Warning
618.63,35.64,59.24,0,60.7,7.05,50.83,Gas Warning
250.27,28.93,70.59,0,28.97,-0.21,12.17,Normal
612.6,30.4,58.58,0,-77.91,2.24,48.06,Gas Warning
506.69,28.54,62.03,0,55.13,-8.92,47.53,Gas Warning
700.01,31.65,46.68,0,172.52,-1.7,47.86,Gas Warning
516.74,36.18,63.34,0,-156.86,4.85,42.51,Gas Warning
907.95,72.53,18.79,1,27.91,-6.04,97.62,Critical
221.46,25.64,52.73,0,-11.91,-4.26,3.43,Normal
932.7,70.54,18.69,1,51.64,-4.56,99.14,Critical
241.67,31.29,63.54,0,-112.02,0.12,5.91,Normal
639.48,54.34,41.19,1,-33.76,9.77,82.83,Fire Risk
633.06,30.17,44.01,0,154.78,-1.79,55.55,Gas Warning
592.71,49.26,36.12,1,-166.59,2.18,71.18,Fire Risk
825.23,93.63,23.95,1,-18.71,6.2,98.94,Critical
661.34,32.69,61.26,0,152.12,5.65,37.91,Gas Warning
931.65,83.12,21.34,1,-28.87,18.8,97.89,Critical
403.17,34.14,54.1,0,22.12,5.27,43.19,Gas Warning
181.93,30.36,61.12,0,-158.91,2.8,0.09,Normal
609.83,47.77,40.56,0,-166.8,2.15,89.17,Fire Risk
261.4,32.12,54.53,0,-41.66,2.6,10.52,Normal
904.93,74.54,35.89,1,14.98,-5.06,94.44,Critical
231.47,28.91,49.48,0,-72.48,2.52,14.83,Normal
327.76,35.14,58.24,0,25.62,7.02,0.19,Normal
520.62,37.87,61.55,0,-128.32,1.63,44.31,Gas Warning
407.57,33.03,64.32,0,-123.83,-1.61,33.54,Gas Warning
178.28,33.65,65.58,0,-4.68,0.39,12.64,Normal
701.18,58.12,49.56,0,-25.19,0.92,73.1,Fire Risk
599.22,47.95,52.67,1,-82.07,2.36,74.64,Fire Risk
590.23,27.61,62.11,0,98.64,-4.2,40.7,Gas Warning
147.18,26.84,56.12,0,-104.3,0.85,8.17,Normal
230.05,27.49,70.43,0,-40.56,-4.15,11.36,Normal
514.6,30.75,69.83,0,38.31,-5.69,44.99,Gas Warning
255.19,34.33,77.64,0,-55.47,9.05,13.22,Normal
327.32,32.96,66.46,0,29.1,4.96,10.21,Normal
421.69,37.08,53.13,0,-96.44,4.41,52.27,Gas Warning
741.74,83.09,23.55,1,2.71,0.08,97.25,Critical
776.55,53.93,51.01,1,125.68,-2.61,75.89,Fire Risk
248.04,25.62,55.68,0,-2.19,1.14,10.4,Normal
168.25,26.69,71.14,0,-1.05,-3.81,9.46,Normal
193.63,26.77,52.75,0,-127.18,-1.09,8.49,Normal
190.79,27.64,62.42,0,-73.25,-2.04,13.73,Normal
311.77,26.59,65.0,0,87.19,-3.78,1.01,Normal
589.57,34.55,61.03,0,209.7,-2.25,52.58,Gas Warning
320.81,27.86,76.6,0,10.19,-3.61,4.01,Normal
262.07,28.26,63.85,0,92.73,-3.28,1.62,Normal
706.4,54.88,55.16,1,81.57,7.8,84.58,Fire Risk
564.04,59.66,42.58,1,-123.08,17.54,89.07,Fire Risk
250.4,28.28,54.89,0,-11.2,-5.48,14.23,Normal
284.12,30.48,52.13,0,47.99,5.23,13.26,Normal
177.09,32.25,49.25,0,-2.57,6.58,11.29,Normal
669.3,58.54,44.13,1,77.47,18.22,80.53,Fire Risk
323.66,26.99,77.14,0,-12.2,-4.18,7.23,Normal
650.87,56.53,54.31,1,-55.3,7.24,85.84,Fire Risk
567.95,35.31,47.95,0,58.79,-0.19,32.19,Gas Warning
236.76,30.4,59.19,0,-138.12,-1.36,12.09,Normal
552.29,32.17,53.2,0,22.33,-0.49,43.14,Gas Warning
502.13,36.83,54.15,0,-56.26,2.75,42.99,Gas Warning
885.66,85.61,36.33,1,-67.37,20.86,95.05,Critical
640.5,30.67,53.19,0,-43.58,1.24,46.46,Gas Warning
295.96,29.04,69.32,0,45.95,-1.48,13.24,Normal
191.71,33.74,51.09,0,48.02,4.93,7.73,Normal
310.62,31.47,73.57,0,48.55,3.21,14.62,Normal
924.84,73.77,16.64,1,91.92,4.84,96.91,Critical
763.96,67.3,18.42,1,-248.11,-1.19,99.67,Critical
601.47,34.71,51.09,0,194.57,-1.79,50.43,Gas Warning
288.56,30.71,73.35,0,15.51,-3.22,9.63,Normal
300.63,28.99,52.49,0,42.56,1.69,12.36,Normal
911.96,70.26,27.55,1,4.69,1.62,96.28,Critical
751.43,43.33,30.92,1,-14.47,-0.7,75.79,Fire Risk
719.95,40.19,47.67,1,59.23,-18.44,78.06,Fire Risk
559.82,30.42,64.95,0,-17.95,-8.46,50.17,Gas Warning
782.93,45.34,38.16,0,194.98,-5.51,72.5,Fire Risk
688.82,49.24,35.99,1,-23.01,-3.09,84.19,Fire Risk
478.29,31.96,49.62,0,-173.15,1.63,48.96,Gas Warning
483.0,28.47,56.85,0,-219.75,-4.56,45.21,Gas Warning
667.77,30.57,46.92,0,181.42,-2.78,38.55,Gas Warning
552.26,26.97,57.99,0,-47.94,-3.36,47.47,Gas Warning
164.28,29.42,64.34,0,-105.82,-2.48,13.89,Normal
339.87,24.02,53.83,0,191.82,-2.99,9.93,Normal
267.47,32.82,64.24,0,75.76,-0.92,2.99,Normal
915.17,75.38,36.43,1,124.24,-3.12,99.85,Critical
679.55,38.63,49.06,0,173.39,2.53,43.74,Gas Warning
836.53,61.39,17.0,1,73.39,-28.73,97.31,Critical
720,31.68,60.48,0,304.2,3.55,42.26,Gas Warning
386.25,37.86,53.57,0,-110.21,-3.14,47.4,Gas Warning
948.31,88.2,30.74,1,18.35,20.39,98.89,Critical
506.33,29.18,49.64,0,73.56,0.01,36.78,Gas Warning
634.49,47.4,55.97,1,1.05,-7.51,69.54,Fire Risk
618.91,26.93,47.02,0,92.97,-6.69,37.81,Gas Warning
264.24,31.17,66.46,0,78.14,2.48,1.09,Normal
640.89,30.39,48.37,0,60.89,-8.37,56.71,Gas Warning
347.35,25.52,76.45,0,75.11,-1.39,1.28,Normal
373.35,28.18,63.8,0,-170.64,-9.74,57.31,Gas Warning
301.49,30.57,65.48,0,68.45,-3.17,12.35,Normal
938.74,65.98,35.46,1,194.84,-18.54,94.51,Critical
865.93,88.5,36.67,1,-9.54,1.94,97.83,Critical
171.66,24.65,67.33,0,-167.82,-6.91,3.27,Normal
848.82,80.08,22.94,1,34.99,-5.55,94.6,Critical
304.83,32.65,68.18,0,-0.86,4.44,10.49,Normal
688.58,29.65,50.46,0,221.2,1.99,50.64,Gas Warning
372.31,27.69,59.78,0,130.9,-1.14,14.49,Normal
735.69,46.75,34.79,1,-4.51,5.4,66.7,Fire Risk
320.35,30.63,68.79,0,-10.17,-1.51,13.79,Normal
282.08,29.11,69.96,0,109.59,-3.44,1.87,Normal
849.8,99.74,24.23,1,49.63,17.18,93.28,Critical
556.54,46.54,47.17,0,-138.42,-13.74,83.35,Fire Risk
210.23,25.21,69.77,0,40.22,-4.34,13.45,Normal
227.41,28.16,68.11,0,17.18,2.95,14.61,Normal
341.89,30.09,67.15,0,-13.01,5.6,1.45,Normal
591.41,36.28,55.54,0,-69.87,7.62,56.11,Gas Warning
403.89,35.63,50.01,0,-158.59,2.5,33.08,Gas Warning
887.34,67.82,17.87,1,21.49,-18.37,91.6,Critical
353.21,27.83,56.68,0,11.11,0.36,7.0,Normal
220.01,25.25,51.25,0,-35.53,-5.97,7.71,Normal
250.01,30.51,53.63,0,-112.36,3.48,12.92,Normal
733.78,51.77,29.91,1,-104.31,8.15,70.57,Fire Risk
219.63,29.15,67.03,0,-53.34,0.43,10.17,Normal
895.41,86.84,36.17,1,6.6,-3.44,97.07,Critical
621.33,43.79,39.31,1,48.38,-14.29,70.43,Fire Risk
805.91,48.27,41.05,0,159.34,-8.98,83.25,Fire Risk
841.16,75.34,26.13,1,-44.38,8.2,88.23,Critical
709.33,36.97,59.9,0,22.07,0.69,58.94,Gas Warning
668.49,46.32,44.94,1,-46.1,-15.48,70.76,Fire Risk
474.55,32.56,55.37,0,48.07,-4.63,48.73,Gas Warning
842.46,70.74,23.15,1,16.57,-5.7,93.57,Critical
442.33,36.35,58.25,0,-96.96,5.28,34.6,Gas Warning
438.33,30.51,70.85,0,5.75,-6.64,40.44,Gas Warning
628.43,27.99,54.4,0,85.16,-3.53,46.27,Gas Warning
634.85,54.19,53.55,0,-156.81,-4.75,75.91,Fire Risk
845.62,69.67,21.8,1,-177.38,-12.25,94.73,Critical
432.77,29.17,47.28,0,-109.36,-2.96,32.54,Gas Warning
332.37,35.41,51.54,0,81.97,7.12,13.82,Normal
761.7,54.35,39.79,0,2.18,-2.29,77.64,Fire Risk
840.77,73.01,20.39,1,-17.36,-18.37,90.21,Critical
316.06,24.45,71.23,0,10.7,-2.35,5.95,Normal
716.61,49.32,49.92,0,124.78,4.74,72.31,Fire Risk
309.17,30.3,54.1,0,44.94,-0.87,6.57,Normal
461.06,31.09,54.35,0,-23.16,-5.25,44.54,Gas Warning
431.93,30.99,57.51,0,51.69,0.84,35.47,Gas Warning
701.55,63.02,33.67,1,91.72,15.25,74.84,Fire Risk
204.34,26.09,61.11,0,-80.11,-0.14,4.39,Normal
799.67,45.41,45.1,0,53.15,-3.83,72.12,Fire Risk
618.75,65.61,44.64,1,-124.57,10.57,71.22,Fire Risk
200.39,31.17,73.4,0,-59.19,4.5,13.91,Normal
760.84,54.6,32.34,1,47.73,3.28,68.2,Fire Risk
642.46,56.1,36.07,1,-119.23,1.75,79.2,Fire Risk
768.56,64.45,40.19,1,-70.62,17.98,73.28,Fire Risk
304.72,24.99,58.67,0,109.68,-1.55,2.37,Normal
577.26,33.94,62.11,0,155.57,-3.14,46.98,Gas Warning
838.09,43.62,44.84,1,137.49,-13.03,83.79,Fire Risk
760.79,50.51,45.25,1,198.29,-1.82,87.46,Fire Risk
266.44,30.96,57.88,0,21.2,2.7,1.04,Normal
477.8,34.18,52.75,0,-158.87,-6.6,47.99,Gas Warning
716.85,39.6,46.78,1,43.57,-22.93,67.56,Fire Risk
654.97,55.09,37.2,1,-33.85,5.85,74.05,Fire Risk
153.92,27.86,61.02,0,-188.32,-3.13,8.15,Normal
171.87,27.69,72.27,0,-7.59,-5.93,2.48,Normal
177.83,25.75,64.01,0,2.33,-5.8,0.49,Normal
606.26,48.72,53.05,1,-106.27,0.5,67.06,Fire Risk
201.77,27.47,71.43,0,-111.45,-2.27,3.29,Normal
288.66,24.51,54.4,0,110.38,-9.14,14.14,Normal
264.04,27.58,69.02,0,-34.65,-1.32,1.39,Normal
513.97,33.1,54.3,0,70.9,1.98,34.36,Gas Warning
513.48,35.53,48.17,0,-43.1,1.99,32.98,Gas Warning
228.09,25.13,53.32,0,-95.37,-4.84,0.02,Normal
506.18,38.48,57.34,0,-137.93,4.02,33.97,Gas Warning
607.53,32.53,53.28,0,156.48,2.44,58.79,Gas Warning
310.51,27.82,65.96,0,59.81,0.68,14.61,Normal
232.6,29.79,71.36,0,-109.29,-0.3,1.48,Normal
657.46,31.02,56.45,0,35.47,0.41,59.98,Gas Warning
219.31,27.68,56.64,0,-111.53,-1.26,11.99,Normal
202.29,27.95,58.29,0,8.27,-4.4,4.03,Normal
891.8,98.15,22.57,1,-84.9,4.09,92.67,Critical
493.65,33.38,61.27,0,-139.41,3.21,49.14,Gas Warning
218.17,24.41,75.91,0,-76.4,-5.86,14.85,Normal
305.86,24.32,55.0,0,61.51,-5.96,12.23,Normal
420.83,31.13,67.87,0,-206.24,-3.72,43.66,Gas Warning
319.68,23.11,62.13,0,141.53,-6.67,12.72,Normal
824.83,37.94,36.86,1,200.87,-3.57,83.57,Fire Risk
981.51,68.47,31.71,1,-41.49,3.09,92.96,Critical
612.02,36.13,46.8,0,128.47,2.27,56.11,Gas Warning
667.51,41.55,33.46,1,-142.06,-11.14,89.9,Fire Risk
373.37,34.99,67.89,0,177.95,2.89,7.28,Normal
681.69,50.4,30.13,0,-106.6,-10.92,77.78,Fire Risk
333.55,26.88,50.86,0,168.46,-3.26,4.36,Normal
520.51,34.14,49.62,0,-78.93,1.3,46.23,Gas Warning
444.74,38.66,62.31,0,-71.01,3.36,34.83,Gas Warning
578.7,47.98,47.83,1,-102.4,-0.62,66.15,Fire Risk
282.99,26.89,75.86,0,46.61,-2.05,10.94,Normal
809.23,97.88,23.24,1,-213.77,27.08,88.39,Critical
478.5,28.55,66.21,0,-11.35,2.29,35.76,Gas Warning
843.95,87.43,27.63,1,87.79,1.78,95.7,Critical
524.91,32.29,44.28,0,-147.31,-5.49,44.08,Gas Warning
253.63,26.32,57.83,0,-40.48,-2.81,7.57,Normal
282.95,31.53,59.29,0,35.03,0.6,10.63,Normal
639.86,28.64,66.98,0,133.42,-2.67,36.78,Gas Warning
154.9,31.35,66.73,0,-89.96,3.07,1.6,Normal
934.1,70.57,29.71,1,111.05,7.73,96.51,Critical
774.45,61.05,30.93,0,81.77,10.12,88.65,Fire Risk
278.06,31.37,48.42,0,96.13,1.01,4.96,Normal
589.44,66.01,44.11,1,-138.53,13.65,81.62,Fire Risk
901.69,86.0,16.01,1,32.42,20.14,89.64,Critical
227.26,27.51,56.98,0,50.57,-5.09,6.4,Normal
581.68,32.8,51.48,0,161.49,-0.77,50.84,Gas Warning
235.7,25.25,59.96,0,6.27,-7.44,8.69,Normal
195.28,26.47,69.12,0,-66.22,-3.32,5.07,Normal
399.68,36.49,48.59,0,-34.05,4.55,52.72,Gas Warning
165.84,28.8,64.52,0,-121.87,0.14,8.15,Normal
726.37,57.2,42.17,1,3.86,14.6,74.41,Fire Risk
318.74,32.42,61.83,0,20.11,1.08,14.74,Normal
753.33,50.78,43.66,1,-10.54,4.05,79.52,Fire Risk
186.09,28.69,56.71,0,-47.61,4.82,10.1,Normal
803.09,47.83,32.82,1,190.88,-4.52,73.34,Fire Risk
836.11,68.22,20.09,1,-132.2,-4.11,88.29,Critical
227.54,29.47,72.66,0,6.91,-2.75,10.18,Normal
769.89,46.92,41.3,1,49.25,-12.96,65.47,Fire Risk
956.27,88.46,32.15,1,206.15,0.45,96.55,Critical
797.48,62.58,41.29,0,55.65,20.36,73.58,Fire Risk
567.53,55.35,41.82,1,-152.42,15.17,72.97,Fire Risk
366.63,30.95,65.52,0,152.86,0.92,8.22,Normal
783.94,76.89,29.68,1,-156.24,6.36,92.77,Critical
717.47,49.04,42.28,0,88.01,-4.79,84.44,Fire Risk
256.15,24.62,53.04,0,110.9,-2.23,4.87,Normal
1012.07,68.49,32.11,1,233.16,2.8,88.74,Critical
143.69,28.8,66.04,0,-111.02,-3.58,6.63,Normal
791.66,58.94,32.47,1,108.71,-0.43,75.74,Fire Risk
525.66,32.21,54.51,0,-39.53,2.32,50.25,Gas Warning
429.18,32.05,58.46,0,-77.76,-6.03,47.78,Gas Warning
523.79,32.2,69.96,0,-91.15,-4.55,30.5,Gas Warning
589.9,46.6,39.79,0,-195.1,0.16,78.68,Fire Risk
617.45,58.26,31.77,1,16.04,-2.82,68.8,Fire Risk
670.94,55.18,33.81,1,-61.82,-2.84,87.82,Fire Risk
258.07,27.31,56.9,0,-66.26,-2.4,6.65,Normal
332.48,28.99,67.51,0,152.72,-3.38,5.31,Normal
819.76,77.46,22.9,1,-100.08,-1.95,99.03,Critical
247.92,30.93,65.68,0,-34.06,0.54,1.2,Normal
268.16,31.15,54.55,0,-47.91,6.7,12.75,Normal
303.06,29.52,51.68,0,-10.82,0.79,6.8,Normal
746.51,49.23,36.26,0,44.86,-10.29,85.35,Fire Risk
185.47,26.88,69.9,0,-20.49,-5.14,1.96,Normal
183.8,27.31,64.85,0,-20.55,1.22,9.18,Normal
284.06,24.9,74.64,0,-0.06,-5.58,4.53,Normal
847.56,89.6,16.08,1,70.52,-3.14,99.86,Critical
1023,65.38,28.77,1,203.24,-12.08,93.35,Critical
468.59,27.15,59.42,0,-12.51,-9.0,54.14,Gas Warning
259.43,30.53,63.22,0,19.42,4.68,14.82,Normal
587.96,50.86,41.87,1,-140.53,-12.66,69.57,Fire Risk
191.65,27.0,64.82,0,32.98,1.31,10.48,Normal
216.5,24.71,60.88,0,48.75,-0.98,7.66,Normal
720,33.61,61.96,0,333.15,1.44,42.57,Gas Warning
554.37,39.46,54.82,0,164.9,1.65,51.92,Gas Warning
474.1,34.73,51.19,0,-51.56,2.52,49.07,Gas Warning
321.52,30.56,62.91,0,54.88,1.48,12.73,Normal
220.49,27.49,79.88,0,2.81,2.37,2.18,Normal
323.16,27.0,60.9,0,135.02,-3.6,9.1,Normal
661.01,32.14,47.05,0,150.61,-6.5,39.7,Gas Warning
733.92,52.3,44.63,1,9.62,0.05,76.36,Fire Risk
433.75,29.18,53.77,0,-81.65,-0.23,32.08,Gas Warning
603.48,31.11,71.25,0,-3.78,-3.48,37.27,Gas Warning
574.51,38.18,62.71,0,14.77,2.12,47.97,Gas Warning
372.61,28.11,59.26,0,172.19,-5.25,6.07,Normal
690.51,28.16,64.87,0,5.7,-4.88,50.29,Gas Warning
556.57,33.53,48.37,0,-63.15,4.05,30.7,Gas Warning
335.86,31.17,61.71,0,29.69,-1.04,12.66,Normal
586.2,49.07,51.96,1,-49.14,-17.1,71.49,Fire Risk
435.31,30.22,51.56,0,-29.51,-6.79,51.64,Gas Warning
196.02,28.34,76.41,0,-56.25,-2.6,4.58,Normal
189.03,30.85,74.3,0,-164.65,1.5,0.11,Normal
941.24,67.81,29.55,1,9.73,-17.14,91.03,Critical
181.47,32.77,62.46,0,-106.83,7.25,1.21,Normal
570.61,62.48,35.63,1,-240.96,4.75,73.28,Fire Risk
878.28,93.54,32.83,1,-135.13,19.07,95.26,Critical
258.19,29.87,58.58,0,102.0,6.25,0.46,Normal
279.69,26.2,72.88,0,-59.47,-0.76,4.43,Normal
722.81,44.89,37.56,1,63.34,-21.23,76.24,Fire Risk
612.62,29.45,48.32,0,136.75,-2.14,39.49,Gas Warning
299.99,23.58,61.18,0,17.04,-7.95,14.41,Normal
272.56,29.7,66.36,0,-35.39,2.59,13.51,Normal
203.43,31.19,51.2,0,35.18,4.51,10.8,Normal
195.42,32.09,72.04,0,-27.7,1.48,0.76,Normal
191.69,32.99,51.33,0,-128.55,-1.04,14.41,Normal
563.6,41.46,38.49,1,-286.4,-5.55,65.84,Fire Risk
300.66,30.33,56.43,0,5.26,3.99,7.97,Normal
632.89,56.23,33.88,1,-3.27,3.02,79.02,Fire Risk
591.93,43.78,40.03,1,-80.9,2.47,67.45,Fire Risk
237.17,27.09,59.58,0,-102.99,-5.28,11.01,Normal
272.35,26.1,72.11,0,70.03,-0.5,0.13,Normal
280.44,28.53,71.0,0,35.63,-1.16,6.19,Normal
175.78,24.91,53.95,0,-4.03,0.12,11.42,Normal
328.2,32.72,50.95,0,13.33,3.92,8.03,Normal
293.79,29.86,73.91,0,88.69,-3.24,4.41,Normal
551.86,30.27,60.07,0,140.44,-2.92,51.43,Gas Warning
709.83,40.43,49.14,1,19.36,-1.69,66.64,Fire Risk
556.3,28.59,49.36,0,127.12,-3.46,31.63,Gas Warning
663.45,45.15,38.84,1,-9.64,-18.94,73.93,Fire Risk
292.64,26.94,53.98,0,-30.87,-3.73,1.65,Normal
927.78,89.75,32.68,1,-20.53,1.55,92.48,Critical
247.0,30.7,66.54,0,-69.31,1.57,1.93,Normal
206.69,32.9,69.83,0,33.76,-0.88,11.08,Normal
786.59,89.94,31.49,1,49.71,21.83,91.36,Critical
602.38,29.64,61.03,0,42.56,-0.78,40.84,Gas Warning
413.84,35.45,61.17,0,10.68,-1.01,34.03,Gas Warning
945.83,90.19,21.53,1,14.17,7.07,88.78,Critical
254.81,29.35,58.87,0,-73.63,0.47,0.93,Normal
881.49,84.7,17.4,1,-141.51,-0.46,94.12,Critical
723.49,53.39,37.06,1,45.63,9.45,65.81,Fire Risk
352.78,25.51,62.42,0,115.61,-1.58,7.0,Normal
559.09,36.52,68.25,0,-83.63,4.02,40.12,Gas Warning
198.28,33.86,59.24,0,-31.76,6.37,10.04,Normal
293.56,26.63,59.67,0,133.23,-3.24,0.66,Normal
976.71,94.06,18.32,1,42.72,20.75,94.27,Critical
299.82,27.97,61.62,0,119.71,1.17,10.52,Normal
523.14,34.87,59.74,0,8.99,3.66,56.86,Gas Warning
350.17,23.86,53.68,0,148.4,-3.61,11.88,Normal
256.22,25.31,55.75,0,-42.67,-7.42,0.84,Normal
577.7,40.83,51.99,1,-19.87,-8.97,79.37,Fire Risk
615.64,30.61,67.37,0,5.2,-5.13,37.45,Gas Warning
178.89,27.97,69.45,0,-148.3,0.17,8.02,Normal
538.33,30.24,65.23,0,23.73,-0.51,47.97,Gas Warning
762.64,67.02,50.88,1,9.31,16.25,71.59,Fire Risk
811.57,57.73,45.1,0,149.32,0.48,75.41,Fire Risk
478.56,34.08,51.41,0,-73.5,7.8,47.58,Gas Warning
1011.84,82.54,18.77,1,246.58,-3.78,96.2,Critical
643.8,33.94,52.82,0,171.62,4.28,43.58,Gas Warning
165.9,26.2,52.86,0,-79.92,-5.67,5.43,Normal
325.73,31.51,59.9,0,128.08,5.62,12.44,Normal
597.53,67.88,51.38,1,-72.08,27.46,82.03,Fire Risk
295.7,27.26,76.95,0,74.15,0.61,12.3,Normal
927.16,74.96,36.11,1,17.41,4.54,99.89,Critical
217.6,26.24,76.64,0,-38.55,1.61,14.67,Normal
667.08,44.67,35.28,1,-66.7,-7.1,75.32,Fire Risk
584.15,54.12,39.39,1,-215.52,8.71,83.84,Fire Risk
922.13,83.95,26.8,1,80.37,4.51,97.58,Critical
518.74,30.47,48.25,0,-59.38,-4.35,38.99,Gas Warning
330.04,28.75,49.97,0,-47.48,1.19,0.6,Normal
170.01,29.55,66.96,0,-155.9,5.9,10.69,Normal
155.82,26.48,55.66,0,-25.64,-6.29,12.54,Normal
823.32,91.58,26.35,1,-5.8,25.54,90.9,Critical
643.19,62.02,51.83,1,2.23,10.99,81.15,Fire Risk
564.62,27.11,66.94,0,-32.07,-3.42,53.48,Gas Warning
561.96,31.02,54.45,0,-48.18,0.38,53.07,Gas Warning
792.27,46.2,34.78,1,123.78,-0.11,86.08,Fire Risk
790.93,78.5,34.72,1,-196.58,6.26,96.27,Critical
841.99,70.41,24.97,1,-12.28,-8.69,93.16,Critical
810.71,52.3,44.57,1,63.42,2.09,88.35,Fire Risk
179.76,32.37,63.73,0,-4.04,5.06,14.01,Normal
1023,63.64,21.58,1,154.8,-34.23,89.79,Critical
951.22,76.08,17.67,1,105.49,5.03,95.78,Critical
762.25,47.45,44.3,1,120.02,-14.8,84.84,Fire Risk
623.3,30.69,47.82,0,-34.31,-3.97,52.38,Gas Warning
741.57,94.45,36.23,1,-189.95,17.28,94.02,Critical
673.27,62.54,38.3,1,82.8,19.68,71.37,Fire Risk
631.78,40.13,40.98,1,-47.44,-18.94,80.93,Fire Risk
569.64,38.31,65.82,0,32.02,-1.61,58.23,Gas Warning
324.33,31.59,55.35,0,-8.04,-3.82,3.57,Normal
245.82,31.87,62.96,0,-27.35,0.03,7.53,Normal
985.64,74.78,29.42,1,-4.88,-24.63,89.0,Critical
166.78,32.21,68.55,0,-93.13,5.23,11.92,Normal
472.23,31.39,55.79,0,-43.27,4.92,50.33,Gas Warning
910.7,76.74,31.62,1,103.58,-10.08,92.66,Critical
260.28,32.38,68.24,0,-94.0,2.95,1.86,Normal
613.76,28.3,44.77,0,121.31,-10.21,33.79,Gas Warning
883.59,80.09,32.14,1,-139.41,3.36,95.2,Critical
386.85,32.18,68.4,0,-38.04,-0.38,57.2,Gas Warning
797.01,74.66,37.22,1,-86.18,-4.47,90.73,Critical
626.64,59.62,43.23,0,62.9,14.34,65.0,Fire Risk
216.75,26.96,55.35,0,-151.32,-7.27,14.0,Normal
237.21,30.4,48.55,0,61.42,5.49,8.09,Normal
739.78,55.37,28.2,1,-28.78,-9.08,86.68,Fire Risk
451.05,30.09,52.92,0,-62.99,-5.17,40.17,Gas Warning
529.95,33.94,51.44,0,-79.42,2.4,56.29,Gas Warning
813.8,50.45,40.2,1,226.64,-10.73,89.55,Fire Risk
327.37,29.51,59.81,0,166.65,0.5,10.44,Normal
402.96,27.25,65.65,0,-52.02,-4.85,48.47,Gas Warning
873.49,82.29,30.19,1,96.99,-6.15,92.34,Critical
166.94,28.25,74.44,0,-160.37,-0.12,4.66,Normal
673.69,38.37,50.8,0,32.8,7.97,55.99,Gas Warning
775.8,51.12,43.31,1,150.37,-5.45,72.94,Fire Risk
417.81,34.15,50.74,0,-87.68,0.51,57.77,Gas Warning
598.9,29.91,61.74,0,185.06,-5.54,47.17,Gas Warning
247.74,27.98,61.78,0,-64.11,-3.1,8.65,Normal
680.12,51.29,32.46,1,-44.94,7.25,66.16,Fire Risk
256.23,29.94,66.85,0,93.51,2.66,0.73,Normal
345.7,27.0,72.95,0,40.98,2.01,5.58,Normal
161.41,28.69,66.56,0,-103.01,-1.75,8.97,Normal
180.83,28.47,61.91,0,-55.38,-1.26,3.9,Normal
156.72,29.41,63.61,0,-204.09,-0.68,14.46,Normal
566.83,30.49,56.41,0,-1.87,-2.81,32.99,Gas Warning
476.55,28.5,62.53,0,54.18,-2.69,51.4,Gas Warning
511.31,32.03,59.05,0,-137.46,0.44,33.61,Gas Warning
602.1,57.18,48.02,1,-102.64,-3.66,66.95,Fire Risk
795.69,67.15,30.62,1,-61.63,-9.31,93.58,Critical
626.88,59.13,50.39,1,-96.23,10.88,85.91,Fire Risk
838.56,90.88,30.11,1,96.81,7.79,94.51,Critical
470.53,32.76,67.61,0,94.51,3.17,31.13,Gas Warning
594.64,32.52,55.39,0,193.42,-4.14,45.87,Gas Warning
760.65,51.62,45.75,1,14.26,-14.39,86.9,Fire Risk
314.87,28.81,57.39,0,155.13,1.41,8.82,Normal
261.51,29.79,52.36,0,76.44,5.39,8.83,Normal
146.98,30.41,51.2,0,-120.49,-2.4,9.45,Normal
180.97,28.38,66.35,0,-50.83,-0.45,10.38,Normal
176.71,30.32,61.95,0,-121.6,4.9,7.57,Normal
705.83,52.91,39.49,1,122.29,7.12,80.78,Fire Risk
317.35,27.66,68.65,0,-67.04,3.25,14.81,Normal
897.4,87.78,27.68,1,62.47,21.77,89.91,Critical
313.37,28.49,54.57,0,39.59,-1.15,10.16,Normal
849.22,65.4,32.2,1,-173.78,-15.31,99.17,Critical
857.67,72.85,17.18,1,12.04,3.18,99.36,Critical
294.57,30.27,66.08,0,39.46,3.2,5.22,Normal
685.07,56.92,42.01,1,-67.21,5.71,79.9,Fire Risk
514.04,35.26,54.44,0,-45.57,2.39,30.62,Gas Warning
971.86,90.82,36.95,1,153.09,14.71,98.22,Critical
920.15,76.8,27.81,1,109.12,5.57,98.31,Critical
704.74,60.84,39.28,1,61.77,-1.64,71.6,Fire Risk
218.13,27.08,65.53,0,-7.77,-5.33,3.02,Normal
235.29,26.16,63.69,0,-82.62,0.22,7.63,Normal
335.17,31.21,62.54,0,-3.25,5.38,3.29,Normal
599.76,30.2,66.97,0,18.07,-2.6,31.1,Gas Warning
156.45,28.93,68.5,0,-10.25,-3.35,13.8,Normal
946.07,69.37,16.22,1,35.25,-16.51,98.45,Critical
207.82,28.49,55.37,0,-50.26,3.6,12.87,Normal
313.5,26.04,74.35,0,13.01,-7.43,8.45,Normal
678.79,42.49,45.58,1,-95.85,-1.15,85.03,Fire Risk
782.2,59.72,49.41,0,129.62,-0.19,68.21,Fire Risk
829.5,89.55,28.04,1,-6.12,19.81,99.25,Critical
275.91,28.0,54.08,0,48.64,0.49,1.4,Normal
740.95,48.41,33.3,0,98.49,-7.69,79.78,Fire Risk
255.29,31.42,63.39,0,71.55,3.26,4.68,Normal
537.38,33.93,54.22,0,93.69,-5.76,31.15,Gas Warning
504.42,37.54,47.54,0,-163.35,6.97,57.75,Gas Warning
849.8,82.11,16.4,1,-147.1,4.73,91.64,Critical
299.19,30.09,65.88,0,-6.88,0.55,7.24,Normal
321.33,29.03,62.65,0,157.45,1.61,2.48,Normal
517.51,30.71,52.62,0,19.84,-0.73,54.05,Gas Warning
182.54,30.57,63.76,0,-83.9,-0.39,1.36,Normal
296.62,28.9,69.44,0,140.71,1.94,8.0,Normal
351.26,31.13,51.34,0,96.01,0.67,2.54,Normal
183.74,28.16,63.11,0,-95.23,0.82,0.5,Normal
236.21,29.73,61.21,0,-61.32,1.37,3.74,Normal
580.31,28.24,49.67,0,-76.08,-2.91,52.14,Gas Warning
642.71,32.5,61.99,0,82.12,-1.71,44.63,Gas Warning
677.86,43.95,49.29,1,83.36,-14.18,85.2,Fire Risk
300.22,29.07,76.23,0,47.82,4.03,2.04,Normal
807.44,79.69,24.07,1,-126.66,9.12,98.99,Critical
295.82,27.48,55.83,0,-7.59,-4.23,11.77,Normal
918.24,84.07,27.08,1,142.42,-3.13,94.3,Critical
313.88,28.73,72.66,0,146.18,-0.13,0.99,Normal
174.33,27.16,66.87,0,-67.66,-1.34,7.36,Normal
715.5,41.06,47.62,1,116.29,-6.89,66.87,Fire Risk
627.67,30.65,55.46,0,58.03,-7.65,40.89,Gas Warning
788.29,61.31,50.83,1,11.83,15.09,80.18,Fire Risk
185.59,27.08,73.46,0,-7.37,-1.22,6.66,Normal
474.9,30.83,67.62,0,-29.52,-6.71,47.78,Gas Warning
818.77,76.11,21.47,1,-82.24,9.35,88.27,Critical
925.57,73.62,36.01,1,115.8,-9.33,98.87,Critical
279.29,29.79,62.85,0,10.91,5.91,9.08,Normal
645.35,58.85,45.54,1,42.97,-9.41,82.91,Fire Risk
537.61,39.92,65.27,0,40.26,6.08,51.47,Gas Warning
609.32,60.98,37.69,1,-195.61,4.75,74.92,Fire Risk
295.19,28.96,63.56,0,-27.37,-0.25,4.35,Normal
228.81,30.6,60.78,0,-27.6,5.28,2.25,Normal
499.92,32.31,68.79,0,15.36,-1.85,34.22,Gas Warning
244.15,25.78,70.27,0,-73.18,0.06,14.97,Normal
809.77,82.95,35.09,1,-213.23,-7.61,90.03,Critical
246.65,26.65,64.42,0,-45.86,-4.17,4.69,Normal
217.32,32.09,61.0,0,60.19,4.51,0.11,Normal
415.8,28.13,61.61,0,-109.1,-4.16,57.77,Gas Warning
415.63,28.93,57.18,0,-269.58,-1.52,52.04,Gas Warning
517.35,34.55,54.85,0,-180.96,2.55,36.97,Gas Warning
751.78,56.71,49.11,1,52.42,-0.32,79.31,Fire Risk
953.03,64.75,34.08,1,79.54,-17.54,96.91,Critical
834.93,66.01,35.18,1,61.03,-24.84,99.5,Critical
291.51,27.62,55.9,0,63.32,0.42,1.57,Normal
910.43,62.25,17.02,1,-89.92,-25.51,97.17,Critical
675.43,60.28,35.47,0,-80.58,5.16,78.76,Fire Risk
533.76,29.76,59.97,0,61.53,-1.63,47.99,Gas Warning
633.34,56.68,52.39,1,-9.84,-5.34,68.09,Fire Risk
482.3,30.5,57.04,0,-237.01,-9.69,46.79,Gas Warning
214.83,28.48,57.29,0,-120.34,-2.73,7.01,Normal
329.73,26.3,74.88,0,71.9,2.26,10.33,Normal
731.09,58.85,40.88,1,26.98,-6.23,78.56,Fire Risk
160.33,29.87,69.13,0,-137.82,-1.63,10.43,Normal
579.39,33.88,55.14,0,123.32,0.74,46.24,Gas Warning
304.41,28.27,73.64,0,15.63,-6.9,14.03,Normal
893.45,89.65,15.96,1,142.97,4.16,97.2,Critical
509.16,35.5,61.83,0,84.67,-3.59,37.34,Gas Warning
514.15,31.21,54.8,0,-129.65,-2.73,50.76,Gas Warning
484.2,34.28,61.58,0,80.31,-1.35,42.81,Gas Warning
684.32,64.55,29.54,1,53.55,16.73,74.6,Fire Risk
299.66,33.65,57.97,0,60.49,7.54,10.78,Normal
239.37,27.68,63.53,0,-21.34,2.33,6.11,Normal
268.81,24.48,60.06,0,-35.13,-2.3,6.84,Normal
214.97,31.55,58.8,0,-69.09,6.65,13.31,Normal
197.66,25.89,54.97,0,0.1,-3.1,9.06,Normal
267.17,28.78,60.65,0,12.96,-5.4,14.7,Normal
360.27,31.37,67.74,0,131.47,0.77,4.83,Normal
508.27,33.44,65.1,0,-126.33,4.95,33.41,Gas Warning
580.22,58.08,35.05,0,-259.4,-9.0,76.52,Fire Risk
494.14,32.86,52.58,0,43.12,-3.99,45.3,Gas Warning
325.91,23.64,77.23,0,43.89,-2.23,8.45,Normal
177.05,27.8,60.93,0,-122.93,4.22,9.38,Normal
374.88,31.76,57.29,0,198.14,-2.39,2.24,Normal
793.08,93.49,39.37,1,-43.29,26.8,99.47,Critical
558.81,29.17,46.52,0,65.59,-8.85,52.11,Gas Warning
711.83,52.33,51.39,0,-13.87,-8.23,76.81,Fire Risk
330.84,28.94,62.4,0,105.75,-4.93,12.53,Normal
509.26,29.11,65.85,0,-4.71,-3.99,51.16,Gas Warning
506.94,38.08,51.49,0,64.63,6.14,37.5,Gas Warning
284.45,26.23,68.37,0,-19.49,-0.65,1.4,Normal
1023,81.92,27.0,1,0,5.48,99.87,Critical
635.34,66.17,45.57,1,24.03,11.77,67.09,Fire Risk
372.54,30.28,62.12,0,-281.42,-5.52,49.46,Gas Warning
441.04,32.94,64.08,0,-246.47,3.91,57.95,Gas Warning
167.75,25.69,63.27,0,-16.15,-7.2,2.25,Normal
837.28,63.54,31.02,1,-60.12,-24.24,94.48,Critical
770.98,63.08,44.74,1,103.31,2.65,69.06,Fire Risk
759.31,47.08,50.03,0,80.52,4.59,88.51,Fire Risk
351.09,28.9,52.48,0,161.95,-0.34,5.44,Normal
545.98,34.32,61.26,0,-90.21,3.17,59.78,Gas Warning
917.92,79.52,20.92,1,85.2,6.41,97.9,Critical
283.88,32.08,64.93,0,79.46,1.68,13.63,Normal
165.09,30.13,50.74,0,-160.13,4.43,3.47,Normal
664.69,30.82,49.49,0,177.67,0.77,38.73,Gas Warning
259.58,26.68,70.29,0,-3.43,-2.43,4.79,Normal
818.32,41.01,34.79,1,182.92,-3.91,65.79,Fire Risk
241.93,26.59,66.6,0,-14.28,1.28,12.96,Normal
424.36,36.24,62.12,0,-259.81,2.27,48.06,Gas Warning
539.29,31.07,66.14,0,139.09,-2.81,50.9,Gas Warning
717.63,42.85,29.89,1,62.5,-1.5,85.68,Fire Risk
244.76,30.51,52.69,0,-30.38,0.08,10.36,Normal
242.34,23.6,64.3,0,-15.51,-5.74,1.74,Normal
571.05,32.49,60.09,0,-27.85,2.58,48.51,Gas Warning
813.83,85.63,17.77,1,-117.98,1.2,99.47,Critical
489.85,26.26,65.11,0,11.2,-11.91,57.86,Gas Warning
257.85,29.35,62.06,0,16.3,-3.02,8.83,Normal
710.17,41.64,44.99,0,-4.31,-16.06,77.68,Fire Risk
581.28,50.63,32.58,1,-221.82,2.8,83.48,Fire Risk
178.63,30.66,57.78,0,-144.38,2.32,2.82,Normal
297.53,28.36,66.76,0,-14.24,1.77,14.23,Normal
782.94,70.23,28.73,1,-53.83,-16.6,92.64,Critical
571.3,39.2,53.37,0,174.36,12.54,44.58,Gas Warning
687.27,36.28,60.01,0,151.36,-4.06,52.17,Gas Warning
493.21,38.01,44.61,0,-63.65,4.38,41.19,Gas Warning
451.57,37.46,68.1,0,-48.35,5.15,57.95,Gas Warning
230.03,32.04,66.87,0,-88.99,8.17,9.17,Normal
659.42,54.6,46.32,1,-69.15,4.25,80.12,Fire Risk
866.3,80.24,29.73,1,-42.68,-7.97,93.7,Critical
931.28,74.63,31.9,1,158.14,-3.9,88.29,Critical
140.02,27.81,50.86,0,-38.62,-2.85,10.73,Normal
857.32,76.46,25.83,1,-123.62,-18.55,88.13,Critical
606.64,34.68,64.37,0,26.42,0.16,43.84,Gas Warning
511.2,33.73,56.1,0,65.67,-0.13,37.91,Gas Warning
615.14,36.78,62.72,0,79.25,7.81,33.68,Gas Warning
318.01,31.61,54.22,0,98.7,3.92,9.4,Normal
295.4,26.34,71.25,0,-28.96,2.8,10.41,Normal
158.72,30.9,73.63,0,-68.69,2.74,5.95,Normal
741.83,42.21,46.2,0,123.09,-23.39,67.23,Fire Risk
182.96,33.26,62.23,0,25.87,8.37,10.94,Normal
303.94,26.78,65.4,0,-17.9,-2.71,0.69,Normal
533.32,37.47,61.18,0,104.82,7.24,51.3,Gas Warning
596.69,30.53,55.56,0,141.37,-3.31,46.33,Gas Warning
588.21,30.57,46.26,0,-30.25,-2.87,32.75,Gas Warning
231.8,28.83,68.47,0,-20.63,1.27,11.84,Normal
337.68,32.93,47.53,0,155.14,2.36,2.24,Normal
472.18,29.66,50.94,0,-114.67,-1.03,48.31,Gas Warning
314.08,28.57,51.3,0,82.59,1.42,3.44,Normal
685.21,30.45,57.69,0,172.93,-7.19,31.27,Gas Warning
686.62,68.35,39.58,1,-17.13,3.68,65.01,Fire Risk
428.5,30.23,66.05,0,-237.45,-6.23,39.35,Gas Warning
864.5,73.86,29.06,1,120.83,-20.77,88.98,Critical
165.82,27.2,67.5,0,-206.79,-0.91,8.91,Normal
423.17,32.61,50.39,0,-37.89,1.52,55.25,Gas Warning
641.45,35.27,48.16,0,-42.63,4.34,31.11,Gas Warning
175.09,27.16,62.15,0,-130.05,-6.41,1.25,Normal
794.62,95.24,35.96,1,-55.18,13.13,93.76,Critical
688.78,54.88,53.01,1,78.27,11.74,78.09,Fire Risk
249.55,29.94,71.98,0,-56.13,0.0,4.29,Normal
233.91,30.73,68.52,0,-69.35,0.41,9.08,Normal
379.6,36.01,43.89,0,-20.08,-0.49,37.59,Gas Warning
907.28,68.63,33.98,1,40.98,-11.6,92.98,Critical
244.82,29.69,49.4,0,-38.17,2.79,8.95,Normal
622.82,62.29,36.6,1,47.25,21.64,73.71,Fire Risk
305.13,33.57,49.58,0,-8.6,1.66,1.55,Normal
168.49,28.51,62.27,0,-91.79,-3.87,13.42,Normal
381.11,28.18,50.06,0,-263.15,-5.56,52.97,Gas Warning
187.49,29.56,65.04,0,-81.32,5.08,3.31,Normal
611.43,29.22,42.71,0,63.77,-10.68,35.15,Gas Warning
195.73,26.24,72.32,0,29.93,-8.13,6.56,Normal
893.96,83.88,19.02,1,2.15,-14.26,95.65,Critical
288.12,32.73,61.32,0,2.43,1.75,6.59,Normal
221.93,32.05,48.72,0,-12.74,4.46,10.18,Normal
909.74,70.42,22.17,1,-10.23,-13.97,97.76,Critical
192.96,28.3,55.56,0,-130.05,-0.25,14.26,Normal
268.53,28.26,65.14,0,13.53,-1.06,10.46,Normal
823.05,62.84,18.23,1,-6.45,-26.71,88.38,Critical
306.06,25.15,66.59,0,130.01,-6.95,1.67,Normal
659.48,66.11,51.67,1,-62.73,24.66,88.32,Fire Risk
681.1,48.6,33.59,1,-147.34,6.79,86.41,Fire Risk
767.9,79.58,19.32,1,-68.65,-2.53,97.49,Critical
225.77,25.93,47.7,0,38.01,-6.07,14.08,Normal
484.01,37.45,59.85,0,-114.83,8.89,32.84,Gas Warning
163.13,28.42,69.74,0,-88.36,-2.26,10.41,Normal
1023,76.74,32.62,1,104.76,-7.34,97.02,Critical
250.61,28.18,65.32,0,-87.07,-4.75,8.55,Normal
610.14,30.63,58.48,0,-64.25,-2.95,32.98,Gas Warning
303.27,30.33,51.66,0,134.78,1.82,8.0,Normal
162.07,32.08,63.08,0,-76.59,0.62,12.54,Normal
543.27,31.52,62.57,0,-96.39,-1.25,32.12,Gas Warning
157.71,34.16,77.81,0,-96.99,1.33,12.2,Normal
756.16,85.65,21.13,1,-156.95,-0.15,99.67,Critical
236.13,25.26,62.85,0,41.36,-7.77,10.09,Normal
724.58,40.61,38.87,1,-6.51,-18.24,78.57,Fire Risk
690.2,58.27,32.61,1,-11.56,1.38,66.2,Fire Risk
873.75,91.3,17.29,1,16.31,3.2,90.8,Critical
305.43,29.94,60.77,0,103.14,1.98,10.24,Normal
335.8,26.79,55.64,0,114.23,-7.67,6.82,Normal
743.67,94.63,17.4,1,-267.81,24.52,93.63,Critical
288.39,26.42,70.71,0,-27.1,-1.6,12.36,Normal
666.94,40.82,53.6,1,-34.61,-22.2,74.25,Fire Risk
297.58,26.22,67.89,0,120.54,-4.49,6.86,Normal
918.03,66.4,23.59,1,89.94,-0.38,91.91,Critical
680.87,57.04,48.91,1,-83.83,6.76,89.63,Fire Risk
432.58,37.15,63.43,0,52.98,1.14,57.04,Gas Warning
591.83,40.33,47.51,1,-98.37,-17.95,79.3,Fire Risk
543.9,34.96,61.25,0,-19.26,3.46,31.96,Gas Warning
292.06,33.49,52.92,0,92.74,2.98,4.08,Normal
807.11,77.6,17.73,1,23.17,0.71,98.77,Critical
184.33,28.7,59.74,0,-70.49,-0.65,3.72,Normal
950.44,85.35,32.88,1,111.89,14.41,92.14,Critical
678.75,49.7,45.97,1,-99.62,-0.86,65.58,Fire Risk
565.5,58.92,30.21,1,-35.54,1.62,69.44,Fire Risk
223.12,30.23,59.48,0,-118.85,4.21,3.56,Normal
228.97,29.83,64.44,0,-8.32,-5.41,8.76,Normal
519.19,29.54,62.02,0,-75.45,-2.98,52.28,Gas Warning
153.76,23.74,63.65,0,-45.32,0.34,9.21,Normal
255.25,30.46,67.89,0,-42.76,5.67,0.53,Normal
647.56,31.6,57.45,0,231.85,-5.22,57.78,Gas Warning
523.67,34.51,70.94,0,68.32,-0.56,55.71,Gas Warning
307.95,27.11,55.51,0,110.77,-8.13,4.56,Normal
504.78,30.11,58.85,0,-107.85,0.66,32.02,Gas Warning
179.66,25.67,62.9,0,-49.22,-1.57,9.42,Normal
476.29,36.44,57.76,0,-201.12,10.39,36.66,Gas Warning
600.47,51.67,44.89,1,-193.76,3.7,89.2,Fire Risk
743.19,50.28,35.09,1,33.02,8.64,72.72,Fire Risk
171.47,29.65,61.79,0,-158.57,0.9,10.53,Normal
590.07,40.55,45.02,0,-28.84,13.62,51.27,Gas Warning
483.55,33.86,54.86,0,8.14,2.62,56.83,Gas Warning
233.3,29.13,59.27,0,61.43,1.44,11.23,Normal
831.42,90.23,25.47,1,36.8,-5.01,94.62,Critical
510.4,38.64,65.23,0,-80.03,8.3,51.95,Gas Warning
397.56,38.62,45.73,0,-108.84,4.2,59.46,Gas Warning
845.73,71.05,22.61,1,-20.92,-21.23,95.09,Critical
945.13,76.08,24.63,1,150.67,-3.36,92.47,Critical
733.71,44.3,55.74,1,83.98,-2.9,88.64,Fire Risk
159.48,28.35,67.1,0,-93.67,-2.17,3.05,Normal
188.18,33.99,57.48,0,-80.12,4.48,10.53,Normal
648.76,31.59,55.37,0,-71.24,-4.6,48.56,Gas Warning
275.27,33.06,71.75,0,117.56,-1.1,14.42,Normal
246.81,27.38,53.3,0,-10.22,-2.98,4.98,Normal
252.42,27.56,70.33,0,77.44,-2.4,11.93,Normal
559.74,36.06,57.61,0,169.25,-2.78,51.41,Gas Warning
594.65,59.32,36.08,1,-109.37,-3.79,74.23,Fire Risk
868.2,97.87,37.12,1,18.98,32.46,98.63,Critical
694.61,50.15,31.72,1,-26.52,2.33,86.73,Fire Risk
214.87,28.0,61.0,0,-113.33,-4.72,4.13,Normal
657.28,49.0,51.89,1,-12.02,-9.54,71.38,Fire Risk
607.26,34.59,55.62,0,-16.42,1.04,56.0,Gas Warning
726.31,40.47,46.76,1,-119.01,-0.74,85.56,Fire Risk
677.4,26.05,60.1,0,232.0,-12.78,59.4,Gas Warning
843.64,95.71,23.13,1,50.56,2.22,94.32,Critical
475.55,33.56,45.45,0,-105.32,-2.72,44.59,Gas Warning
763.97,43.07,44.29,1,58.67,-2.33,88.47,Fire Risk
323.02,28.34,69.36,0,100.62,1.57,12.8,Normal
148.47,27.03,64.3,0,-39.72,-6.96,9.16,Normal
222.48,31.17,62.8,0,-75.1,4.95,9.52,Normal
673.24,44.57,45.02,0,-62.83,-16.32,66.92,Fire Risk
640.69,31.1,43.72,0,206.94,1.93,45.56,Gas Warning
260.71,25.36,55.32,0,-84.79,-2.33,4.8,Normal
279.63,26.18,57.0,0,139.62,-1.63,11.99,Normal
249.61,34.36,58.09,0,-18.54,3.21,5.56,Normal
885.54,67.13,22.82,1,10.9,-11.57,99.65,Critical
209.39,33.67,55.11,0,61.08,3.07,6.29,Normal
892.61,92.59,14.88,1,62.13,18.78,95.49,Critical
770.96,50.54,44.07,0,-8.2,8.06,76.1,Fire Risk
685.68,62.08,53.01,0,3.98,11.68,69.5,Fire Risk
663.26,31.84,56.53,0,48.12,-4.94,53.68,Gas Warning
158.67,25.68,48.51,0,-137.03,-1.58,8.07,Normal
197.48,31.42,60.94,0,-151.05,5.32,13.93,Normal
247.72,26.87,73.61,0,-23.85,-0.53,0.25,Normal
594.45,36.58,60.01,0,102.56,0.65,54.51,Gas Warning
238.66,31.46,53.71,0,51.66,3.65,3.98,Normal
348.53,26.1,53.86,0,149.19,-7.12,5.74,Normal
213.1,26.31,75.22,0,-154.4,-1.76,0.88,Normal
658.27,30.57,58.06,0,29.84,2.57,58.36,Gas Warning
774.97,47.21,42.56,0,93.8,1.36,85.03,Fire Risk
560.6,34.21,55.08,0,26.4,2.65,36.32,Gas Warning
822.4,48.48,41.77,1,182.92,-5.86,77.59,Fire Risk
1011.48,70.11,25.21,1,46.37,-14.41,91.23,Critical
563.16,31.5,56.91,0,57.15,1.19,47.07,Gas Warning
694.96,60.28,33.27,0,-54.56,11.38,71.65,Fire Risk
578.12,34.82,60.9,0,13.5,7.72,40.56,Gas Warning
199.29,28.93,60.0,0,42.39,0.53,4.97,Normal
830.48,73.82,22.02,1,-77.46,1.29,99.11,Critical
429.4,33.26,44.65,0,-171.51,7.01,45.49,Gas Warning
342.49,27.41,52.33,0,125.31,2.22,3.95,Normal
558.39,34.08,49.55,0,-81.47,5.44,54.04,Gas Warning
359.54,27.67,73.73,0,151.73,-0.82,14.89,Normal
302.93,29.71,65.16,0,-34.17,-3.34,4.03,Normal
639.14,28.99,49.59,0,161.34,-5.19,53.69,Gas Warning
250.47,30.56,67.27,0,-50.21,6.75,0.17,Normal
1000.26,78.44,20.14,1,112.92,10.62,89.88,Critical
469.81,39.55,56.25,0,66.85,12.31,45.91,Gas Warning
273.3,26.03,64.53,0,22.82,-1.44,1.29,Normal
192.26,25.11,61.77,0,-101.53,-4.75,6.43,Normal
222.4,26.77,58.06,0,74.78,-1.8,13.65,Normal
306.95,29.39,52.12,0,58.91,3.77,6.77,Normal
205.45,30.75,59.9,0,16.43,0.05,3.9,Normal
939.07,77.72,22.84,1,129.84,-20.17,88.66,Critical
944.85,93.53,31.18,1,78.19,7.2,88.1,Critical
298.3,25.42,60.38,0,47.84,-5.14,7.54,Normal
1023,80.72,26.14,1,111.04,10.46,89.63,Critical
272.59,29.51,74.1,0,-7.1,3.3,12.97,Normal
594.86,29.81,52.75,0,-27.08,-5.64,52.95,Gas Warning
681.17,45.85,52.85,1,79.76,-17.66,68.22,Fire Risk
167.97,27.46,53.03,0,-17.62,1.49,10.13,Normal
188.48,26.31,64.0,0,-112.93,-4.08,6.67,Normal
586.09,55.1,42.1,1,1.93,3.11,70.99,Fire Risk
258.58,33.34,62.29,0,53.32,3.51,7.71,Normal
262.2,24.15,61.76,0,-55.47,-4.98,5.9,Normal
1004.63,92.59,30.63,1,84.09,16.91,98.99,Critical
667.96,60.14,53.23,1,-15.53,9.84,76.23,Fire Risk
189.03,30.7,64.31,0,-79.5,2.44,9.59,Normal
473.71,32.22,59.04,0,-181.0,-1.69,43.34,Gas Warning
285.99,26.45,55.69,0,-3.51,-1.91,6.48,Normal
253.16,30.52,70.68,0,-64.2,2.86,2.01,Normal
1023,71.11,36.33,1,77.87,-4.97,92.89,Critical
213.67,27.81,65.91,0,20.04,1.04,6.3,Normal
357.17,28.0,62.05,0,122.41,-6.6,11.44,Normal
616.08,38.64,59.06,0,132.07,1.2,50.56,Gas Warning
229.43,32.69,75.11,0,-45.34,4.49,5.56,Normal
205.26,29.83,61.71,0,-129.42,-1.86,5.95,Normal
147.62,28.57,57.05,0,-216.7,2.01,11.06,Normal
165.8,34.37,71.87,0,-203.78,6.48,6.58,Normal
270.48,32.3,62.02,0,-51.27,0.36,11.36,Normal
226.09,28.59,73.27,0,-7.26,1.8,11.92,Normal
672.75,59.06,38.06,1,-112.54,5.14,65.39,Fire Risk
506.44,31.31,59.17,0,-88.42,1.5,53.61,Gas Warning
534.2,31.56,61.06,0,-4.13,1.32,54.86,Gas Warning
598.93,61.65,42.5,1,-120.19,15.11,73.05,Fire Risk
217.56,25.67,61.15,0,-36.07,-0.65,11.76,Normal
263.78,30.78,67.09,0,104.3,2.43,6.35,Normal
320.07,23.63,76.33,0,8.77,-6.16,2.98,Normal
672.22,37.78,50.05,0,105.3,0.36,37.72,Gas Warning
464.82,37.01,65.53,0,-123.45,6.72,32.29,Gas Warning
199.07,23.4,56.83,0,27.13,-4.07,6.53,Normal
268.01,25.67,57.97,0,64.58,-5.52,12.51,Normal
221.57,34.46,53.85,0,43.74,8.71,8.17,Normal
196.31,30.36,51.55,0,-68.65,-1.55,7.74,Normal
354.87,27.02,70.15,0,127.34,-2.44,6.48,Normal
328.44,28.88,66.47,0,86.51,2.3,13.44,Normal
210.77,30.29,50.54,0,24.52,3.79,8.39,Normal
826.29,57.02,37.06,1,85.34,8.61,71.17,Fire Risk
488.01,37.37,65.64,0,-154.95,8.2,54.89,Gas Warning
768.23,92.51,22.91,1,-68.3,31.12,96.37,Critical
787.03,65.97,35.3,0,206.05,18.47,70.46,Fire Risk
445.39,36.4,60.52,0,-181.3,8.38,38.34,Gas Warning
778.72,89.74,19.39,1,-149.06,-0.01,95.9,Critical
919.84,79.41,25.09,1,-82.0,-1.76,94.69,Critical
839.93,69.74,36.76,1,-162.1,-4.08,95.95,Critical
337.44,31.39,66.84,0,111.31,-0.37,6.2,Normal
880.04,78.57,16.01,1,-47.11,3.61,99.78,Critical
920.55,75.67,35.34,1,57.83,-16.02,95.19,Critical
250.23,24.48,55.08,0,-9.04,-7.88,10.4,Normal
499.73,34.2,63.32,0,25.63,-0.53,42.71,Gas Warning
340.59,25.9,65.11,0,129.51,-4.33,14.67,Normal
842.26,71.34,38.21,1,-8.73,6.94,94.44,Critical
350.47,29.22,64.09,0,76.26,-2.17,9.46,Normal
315.49,28.02,66.3,0,117.55,1.66,6.93,Normal
277.26,25.37,51.9,0,62.57,-3.56,8.04,Normal
212.51,32.14,60.46,0,-1.16,4.33,0.79,Normal
1023,93.83,19.79,1,137.07,19.82,95.09,Critical
313.9,27.3,55.04,0,71.56,3.7,7.14,Normal
284.65,28.52,59.95,0,-14.63,-2.13,9.5,Normal
252.08,29.06,62.42,0,-37.18,-2.49,7.85,Normal
787.8,40.83,37.55,1,21.14,-16.35,72.13,Fire Risk
783.47,51.92,36.16,1,185.93,-15.96,69.27,Fire Risk
977.23,87.63,16.24,1,44.37,8.18,88.37,Critical
156.23,28.09,52.62,0,-35.42,1.1,11.84,Normal
601.04,57.3,39.78,1,-143.77,10.09,72.88,Fire Risk
190.86,23.25,67.19,0,-3.04,-3.21,4.86,Normal
653.19,52.15,39.18,1,-109.06,4.7,86.12,Fire Risk
652.58,36.63,59.88,0,89.9,-1.64,42.26,Gas Warning
681.29,45.6,45.59,1,-4.39,-16.48,68.06,Fire Risk
346.85,24.06,62.04,0,92.28,-3.23,6.69,Normal
211.08,30.23,53.81,0,-54.82,-0.96,13.47,Normal
983.92,93.97,30.22,1,176.8,16.37,91.21,Critical
515.75,35.29,48.23,0,96.4,2.14,56.56,Gas Warning
869.06,77.95,25.2,1,2.4,8.11,90.37,Critical
156.89,30.41,66.45,0,-52.76,-0.76,14.38,Normal
300.49,33.47,55.11,0,84.33,3.43,12.09,Normal
562.5,52.33,51.93,1,-262.33,14.39,87.97,Fire Risk
586.97,38.37,47.44,0,-39.98,4.6,32.63,Gas Warning
1023,85.16,25.84,1,121.31,-0.84,89.19,Critical
684.81,33.04,62.51,0,239.29,0.85,49.53,Gas Warning
577.77,38.87,61.21,0,18.97,9.71,48.83,Gas Warning
798.18,55.19,44.1,1,-7.74,6.92,80.46,Fire Risk
592.07,31.2,56.03,0,101.87,0.56,35.95,Gas Warning
324.36,23.54,69.66,0,24.7,-10.11,14.96,Normal
552.6,33.5,45.56,0,49.62,-0.27,37.37,Gas Warning
350.36,33.62,70.19,0,137.26,7.31,9.85,Normal
599.8,44.27,43.88,1,-11.28,-1.41,73.93,Fire Risk
195.04,26.53,64.65,0,17.98,-1.27,6.88,Normal
362.37,27.03,74.45,0,65.75,-1.86,7.02,Normal
594.51,58.13,41.06,1,-68.78,10.97,89.34,Fire Risk
621.98,30.6,62.88,0,69.72,3.63,52.84,Gas Warning
225.09,33.87,65.97,0,-52.96,2.5,9.41,Normal
486.34,33.36,51.51,0,56.01,2.21,50.56,Gas Warning
268.31,29.51,64.23,0,70.37,-2.38,11.39,Normal
533.29,37.75,43.79,0,-68.18,3.03,45.83,Gas Warning
694.89,52.57,31.1,1,-51.97,-10.02,73.11,Fire Risk
303.95,26.38,64.21,0,-49.25,-1.45,12.65,Normal
764.7,50.28,56.69,1,60.91,-11.32,76.89,Fire Risk
587.65,59.62,44.25,1,-164.13,2.91,65.5,Fire Risk
193.23,24.91,60.57,0,-159.55,-0.6,3.72,Normal
156.19,23.62,74.95,0,-150.76,-5.77,7.58,Normal
188.93,24.98,72.18,0,-184.43,-10.01,11.76,Normal
832.75,70.54,28.48,1,64.52,-21.97,95.38,Critical
728.57,50.34,34.55,1,108.59,-11.52,67.32,Fire Risk
915.14,81.26,26.7,1,-107.86,-8.77,99.21,Critical
496.46,41.01,64.4,0,110.36,11.86,57.37,Gas Warning
491.88,35.93,65.37,0,-59.3,5.91,33.19,Gas Warning
770.94,54.58,32.66,0,69.76,-3.54,67.41,Fire Risk
606.14,46.51,36.79,1,-56.04,5.31,88.06,Fire Risk
148.06,27.01,62.58,0,-144.58,0.07,13.81,Normal
149.19,26.88,63.69,0,-192.01,0.6,8.85,Normal
573.26,36.85,49.03,0,103.39,-2.24,42.98,Gas Warning
529.45,29.07,51.76,0,63.62,-9.5,31.4,Gas Warning
201.39,27.71,56.31,0,-105.14,-0.42,3.39,Normal
762.5,73.67,23.35,1,-163.07,0.05,97.0,Critical
824.02,42.17,42.45,0,90.09,-10.13,65.26,Fire Risk
324.33,29.71,68.49,0,141.67,1.41,4.21,Normal
189.65,33.28,58.34,0,-15.81,2.53,0.12,Normal
287.71,28.66,62.24,0,-40.98,-1.62,1.76,Normal
319.64,32.21,72.94,0,69.03,4.03,1.34,Normal
430.33,31.15,55.27,0,-20.06,-7.12,46.19,Gas Warning
641.04,35.04,54.38,0,267.69,6.87,43.69,Gas Warning
762.72,68.96,38.88,1,-25.08,28.13,87.4,Fire Risk
229.7,29.98,67.56,0,-54.6,2.96,14.96,Normal
810.94,79.96,17.79,1,-55.0,-8.54,93.44,Critical
601.17,29.65,61.74,0,180.34,-1.48,35.13,Gas Warning
296.95,28.55,65.03,0,113.59,4.32,1.03,Normal
480.21,33.34,60.54,0,-120.87,-6.56,54.5,Gas Warning
306.06,29.54,49.46,0,136.47,-3.14,5.63,Normal
875.47,86.56,32.84,1,-72.01,-7.92,97.45,Critical
699.36,57.03,37.36,1,-20.53,5.54,74.97,Fire Risk
922.29,85.9,36.64,1,-67.53,-3.68,91.92,Critical
662.09,52.54,42.73,1,-60.72,7.66,85.13,Fire Risk
469.61,27.41,58.43,0,-44.82,-3.79,47.04,Gas Warning
911.83,93.51,32.61,1,33.59,12.76,92.11,Critical
598.61,38.77,57.79,0,52.63,4.45,34.19,Gas Warning
188.14,30.6,67.37,0,-26.55,1.72,10.99,Normal
306.72,24.88,61.95,0,56.93,-3.04,1.5,Normal
675.49,62.52,38.76,1,-135.22,10.22,68.04,Fire Risk
635.36,30.93,56.23,0,18.09,1.9,42.42,Gas Warning
720,36.18,66.8,0,199.49,2.04,47.16,Gas Warning
298.63,31.34,61.51,0,-47.07,4.35,11.49,Normal
215.07,25.62,58.51,0,29.31,-3.66,7.3,Normal
557.93,28.59,54.93,0,41.19,-7.59,32.0,Gas Warning
159.02,30.63,57.79,0,-54.95,0.35,1.67,Normal
483.23,39.38,62.82,0,-75.83,7.86,58.44,Gas Warning
841.88,89.02,16.85,1,0.73,13.68,95.23,Critical
800.16,82.56,16.45,1,-104.89,2.41,96.74,Critical
525.94,33.62,59.51,0,-135.4,0.93,55.59,Gas Warning
715.91,37.61,63.26,0,286.51,4.35,39.58,Gas Warning
232.06,32.08,63.62,0,-14.94,1.39,13.74,Normal
617.28,29.03,64.99,0,181.97,-1.19,32.71,Gas Warning
866.65,86.33,35.48,1,-2.41,8.38,99.2,Critical
736.88,68.1,26.04,1,-240.35,-19.53,99.53,Critical
700.6,56.64,37.71,1,-23.98,16.03,86.42,Fire Risk
1023,90.56,23.04,1,0,26.93,99.39,Critical
258.61,31.87,57.54,0,68.49,5.16,9.25,Normal
175.52,31.04,51.83,0,-3.37,3.07,6.25,Normal
267.89,25.38,60.06,0,110.58,-1.27,0.52,Normal
538.89,32.55,61.86,0,-50.68,-2.0,50.55,Gas Warning
673.6,31.33,51.97,0,44.16,3.44,30.07,Gas Warning
268.25,30.34,57.39,0,51.51,3.38,7.97,Normal
182.26,33.52,52.74,0,-66.08,6.05,6.76,Normal
728.49,63.52,40.5,1,-14.7,13.23,69.08,Fire Risk
704.02,63.11,52.12,1,-78.18,3.39,74.85,Fire Risk
171.48,28.59,65.3,0,-65.46,-0.95,4.92,Normal
504.86,28.78,63.13,0,-63.09,-6.53,43.95,Gas Warning
716.21,55.8,40.67,0,58.18,-8.6,71.51,Fire Risk
326.48,23.94,49.09,0,117.09,-9.73,8.97,Normal
472.53,35.98,59.33,0,3.94,8.83,32.82,Gas Warning
968.31,72.33,34.51,1,53.17,-8.93,99.91,Critical
777.04,92.75,32.18,1,-60.64,-5.41,92.29,Critical
310.66,25.28,73.24,0,62.92,0.06,6.1,Normal
806.8,85.02,16.99,1,-18.43,-8.61,90.71,Critical
475.87,31.58,47.34,0,-78.61,-6.99,46.25,Gas Warning
659.68,47.11,43.26,1,-76.41,1.14,73.76,Fire Risk
871.05,91.64,30.08,1,-50.26,1.95,97.51,Critical
290.56,27.5,67.17,0,-45.24,0.71,1.89,Normal
445.53,33.86,48.96,0,-156.85,4.22,44.29,Gas Warning
273.77,29.64,64.65,0,92.81,1.26,1.27,Normal
708.08,46.7,45.22,0,8.15,-6.45,86.31,Fire Risk
403.16,36.46,51.33,0,-181.09,6.61,43.79,Gas Warning
210.63,26.39,52.92,0,31.45,-0.94,13.59,Normal
245.24,28.25,74.03,0,25.7,-3.72,7.3,Normal
311.86,31.08,71.63,0,-41.16,3.23,1.63,Normal
294.79,29.82,61.56,0,3.78,-1.48,0.9,Normal
305.88,28.55,62.1,0,117.96,0.69,9.96,Normal
914.86,81.81,17.9,1,23.67,-5.82,95.29,Critical
244.36,30.28,72.04,0,-45.6,1.47,12.09,Normal
322.34,28.55,54.6,0,113.06,1.67,4.86,Normal
776.46,46.22,46.25,1,98.21,-12.37,84.85,Fire Risk
497.35,33.84,56.99,0,-37.13,3.86,39.49,Gas Warning
836.56,82.11,23.23,1,-47.03,2.02,91.77,Critical
645.27,31.55,46.57,0,211.22,-4.48,40.55,Gas Warning
829.01,65.8,46.39,1,215.28,25.78,85.73,Fire Risk
182.31,30.72,66.88,0,-149.95,5.65,13.58,Normal
831.35,68.67,37.27,1,52.29,15.93,68.25,Fire Risk
256.41,25.32,66.35,0,86.72,-2.29,3.43,Normal
678.25,58.59,42.22,0,55.43,-3.7,69.32,Fire Risk
781.51,48.81,43.18,0,9.93,3.57,76.23,Fire Risk
291.99,33.33,56.93,0,-30.35,4.78,2.61,Normal
203.64,27.95,71.65,0,55.18,0.92,1.62,Normal
653.96,35.8,52.59,0,99.9,-3.63,33.75,Gas Warning
502.97,32.61,50.32,0,-152.22,-4.41,33.03,Gas Warning
794.46,79.43,27.04,1,-154.63,-4.66,98.82,Critical
512.27,37.64,57.4,0,-167.05,6.99,47.35,Gas Warning
854.01,81.14,29.72,1,-71.25,-3.4,88.38,Critical
854.27,79.1,21.43,1,-168.73,-14.73,91.05,Critical
818.72,76.89,14.1,1,51.28,-12.72,98.31,Critical
195.41,31.91,54.9,0,25.39,3.95,3.56,Normal
596.22,31.88,45.17,0,153.06,1.59,43.08,Gas Warning
354.28,29.42,61.71,0,121.26,-1.45,11.7,Normal
221.3,29.14,55.51,0,23.05,-2.93,10.46,Normal
243.53,25.34,59.34,0,-116.74,-6.04,13.53,Normal
838.12,88.28,34.18,1,-79.8,8.76,91.24,Critical
168.77,25.45,65.56,0,-88.89,-3.16,5.7,Normal
254.99,29.32,69.95,0,66.46,-2.79,4.88,Normal
672.11,39.39,50.37,1,99.64,-10.03,86.42,Fire Risk
251.5,30.68,65.85,0,-37.44,-3.23,7.38,Normal
883.19,79.12,16.92,1,93.31,-17.32,89.8,Critical
784.84,57.34,42.7,0,9.04,6.21,74.41,Fire Risk
562.68,38.27,51.58,0,110.89,3.75,33.91,Gas Warning
932.44,89.4,18.19,1,26.21,8.2,91.98,Critical
635.4,44.91,32.74,1,52.85,-13.39,72.84,Fire Risk
878.24,80.75,22.2,1,-63.35,12.86,96.06,Critical
633.85,31.77,48.95,0,-75.48,-5.2,45.41,Gas Warning
185.06,24.4,67.76,0,13.62,-5.2,10.15,Normal
328.83,29.55,71.75,0,85.62,-3.89,12.12,Normal
379.87,36.81,51.73,0,-281.14,4.67,58.95,Gas Warning
209.29,26.88,55.44,0,-14.6,-6.54,3.1,Normal
505.49,33.65,51.0,0,-163.4,4.92,56.07,Gas Warning
522.43,39.09,61.44,0,-33.87,10.5,48.76,Gas Warning
367.5,28.07,65.71,0,200.71,-4.14,7.54,Normal
509.22,27.04,50.44,0,-26.35,-8.27,55.04,Gas Warning
258.08,24.89,51.77,0,-109.94,-3.34,5.26,Normal
651.26,34.35,44.93,0,35.53,3.94,48.32,Gas Warning
298.89,32.73,67.03,0,14.33,4.05,12.96,Normal
1017.73,81.44,22.36,1,105.9,-12.06,99.03,Critical
185.59,25.97,65.56,0,-34.42,0.72,3.67,Normal
227.34,27.58,51.61,0,6.99,-1.71,12.26,Normal
888.8,90.28,24.35,1,-57.27,20.91,98.4,Critical
567.33,52.33,51.33,1,-67.52,-1.86,79.2,Fire Risk
702.75,33.03,59.73,0,106.53,1.15,39.26,Gas Warning
406.89,36.5,63.12,0,9.33,-2.12,31.73,Gas Warning
224.3,30.36,55.9,0,34.2,4.96,7.36,Normal
542.13,32.12,57.74,0,14.46,-1.08,40.62,Gas Warning
303.4,31.71,59.52,0,-23.92,-1.25,0.53,Normal
172.5,32.55,75.18,0,-121.07,5.92,3.8,Normal
255.12,29.39,71.96,0,-4.31,-1.14,0.24,Normal
841.77,79.45,34.46,1,-181.23,-0.8,89.67,Critical
582.12,29.58,52.63,0,10.82,-9.62,55.93,Gas Warning
684.07,30.93,59.84,0,150.78,-6.82,49.56,Gas Warning
613.31,33.15,56.39,0,70.88,1.38,46.13,Gas Warning
319.88,24.82,52.69,0,89.68,-4.0,0.23,Normal
233.71,23.87,70.42,0,-84.52,-8.07,8.62,Normal
467.52,35.58,58.14,0,35.59,4.58,50.11,Gas Warning
719.13,52.58,51.44,0,60.05,-1.76,76.05,Fire Risk
804.93,56.23,42.84,1,115.64,-8.71,69.97,Fire Risk
187.92,27.86,52.63,0,20.99,-0.39,2.3,Normal
306.3,33.92,65.31,0,118.81,4.37,14.64,Normal
169.3,30.49,63.79,0,-117.07,1.81,9.72,Normal
338.42,25.83,60.88,0,84.25,-0.49,12.8,Normal
188.53,32.1,55.69,0,13.44,4.94,4.26,Normal
398.3,31.2,57.85,0,-150.77,-6.14,44.86,Gas Warning
340.84,27.56,65.24,0,21.16,4.45,0.17,Normal
305.68,28.21,54.82,0,-10.41,1.29,5.17,Normal
673.15,63.94,49.09,0,-98.21,20.36,88.47,Fire Risk
232.63,30.0,48.42,0,17.58,2.59,4.92,Normal
672.83,41.31,46.24,1,66.16,-9.19,88.17,Fire Risk
611.31,54.39,31.22,1,-1.39,-0.03,88.41,Fire Risk
675.55,33.26,48.52,0,254.86,1.37,50.31,Gas Warning
239.44,29.62,50.96,0,-31.86,5.34,3.12,Normal
839.18,46.48,50.21,1,109.24,-18.56,71.13,Fire Risk
602.38,68.26,41.2,1,-71.02,18.04,80.92,Fire Risk
219.54,31.97,68.98,0,-90.97,4.15,11.81,Normal
705.62,62.02,50.89,1,40.54,15.77,71.2,Fire Risk
905.06,80.15,20.2,1,68.95,11.93,94.2,Critical
176.05,32.1,53.83,0,-175.22,0.97,7.58,Normal
469.72,32.66,56.49,0,51.91,-1.49,51.01,Gas Warning
663.51,31.17,53.9,0,51.1,-2.94,51.95,Gas Warning
836.77,86.83,24.37,1,-1.35,-1.44,90.08,Critical
225.9,32.41,53.03,0,-121.45,6.89,8.25,Normal
914.82,82.87,19.9,1,117.81,8.21,88.72,Critical
175.49,31.55,72.82,0,-39.48,-0.01,11.13,Normal
320.47,27.09,62.52,0,47.39,-0.49,2.51,Normal
177.82,32.93,76.21,0,-64.13,4.1,3.85,Normal
363.3,31.29,65.65,0,22.57,-1.73,2.77,Normal
261.6,33.76,76.16,0,98.14,9.1,3.35,Normal
527.8,29.92,65.22,0,148.82,-7.48,36.06,Gas Warning
254.56,27.29,66.49,0,57.08,-4.13,9.65,Normal
415.72,36.82,46.64,0,-248.97,6.0,47.27,Gas Warning
712.53,48.22,44.58,1,9.78,-17.94,78.66,Fire Risk
945.59,63.63,18.99,1,14.19,-10.82,96.21,Critical
239.18,26.11,72.55,0,-48.68,-5.58,10.39,Normal
241.54,32.36,48.57,0,-71.82,3.87,7.66,Normal
719.12,46.55,32.92,1,58.87,2.2,75.16,Fire Risk
291.46,26.92,55.01,0,74.14,-5.17,3.8,Normal
417.03,36.95,51.47,0,-210.07,3.7,58.91,Gas Warning
578.06,29.86,49.72,0,0.8,-4.08,39.01,Gas Warning
619.72,29.48,52.1,0,108.41,-2.54,56.63,Gas Warning
688.63,57.49,53.94,0,93.98,-1.83,69.7,Fire Risk
334.68,31.69,64.18,0,185.49,4.81,5.49,Normal
620.67,44.5,29.55,0,-31.46,-0.02,82.11,Fire Risk
766.67,57.19,36.39,1,51.16,16.13,77.47,Fire Risk
455.31,33.83,45.99,0,-119.2,-4.34,34.84,Gas Warning
871.45,92.77,17.07,1,-2.3,1.48,95.54,Critical
274.77,28.2,57.01,0,83.97,0.55,7.69,Normal
779.16,42.48,32.47,1,158.49,-2.02,71.44,Fire Risk
484.57,34.16,61.86,0,67.54,-2.79,57.02,Gas Warning
778.91,65.69,27.08,1,-73.37,2.11,90.37,Critical
146.89,31.07,55.77,0,-158.53,1.13,6.62,Normal
597.94,35.83,48.07,0,-48.99,2.33,51.12,Gas Warning
451.78,34.53,56.78,0,13.38,3.48,33.56,Gas Warning
185.02,29.99,60.73,0,1.5,2.49,12.52,Normal
684.89,60.16,50.7,1,44.51,-6.52,78.32,Fire Risk
621.94,30.14,68.33,0,-8.24,-5.24,59.86,Gas Warning
268.58,33.85,63.13,0,26.91,2.57,0.18,Normal
746.39,66.0,47.78,1,36.56,25.58,88.57,Fire Risk
773.14,78.52,38.0,1,-112.52,-7.08,99.67,Critical
198.25,32.07,59.18,0,-110.11,1.17,8.08,Normal
690.47,42.12,42.05,1,9.6,-14.93,69.28,Fire Risk
194.77,33.02,79.37,0,-119.02,0.33,12.07,Normal
754.42,52.59,44.12,1,60.35,-4.93,77.81,Fire Risk
931.78,69.95,22.12,1,22.7,-19.73,95.65,Critical
724.3,52.25,33.75,1,-38.42,-16.71,71.87,Fire Risk
836.38,66.69,39.8,1,17.66,-10.2,93.92,Critical
795.53,43.4,48.51,0,162.18,-13.28,67.93,Fire Risk
176.69,32.59,71.36,0,-102.6,2.8,3.23,Normal
216.17,30.04,71.97,0,-134.19,-3.58,12.7,Normal
872.97,81.27,34.79,1,-26.99,2.62,92.48,Critical
321.84,29.48,68.32,0,58.19,5.98,8.69,Normal
233.35,26.78,51.87,0,-41.86,-3.4,11.47,Normal
426.48,37.19,60.93,0,-171.46,1.36,31.77,Gas Warning
268.34,31.86,76.1,0,45.22,1.63,4.12,Normal
749.52,48.9,40.59,1,157.59,5.12,77.34,Fire Risk
376.02,29.59,64.63,0,2.73,0.08,54.22,Gas Warning
720.64,59.88,32.48,1,80.83,0.27,78.19,Fire Risk
443.16,30.29,57.62,0,-256.85,-1.36,42.63,Gas Warning
750.48,85.49,17.76,1,-205.79,-2.96,97.13,Critical
197.55,28.99,72.09,0,50.37,2.15,5.1,Normal
342.1,27.46,58.71,0,69.75,1.36,4.58,Normal
615.73,30.41,58.2,0,86.28,1.34,51.19,Gas Warning
919.97,84.39,20.6,1,53.5,-6.92,91.25,Critical
775.83,87.2,16.26,1,-74.25,-3.75,88.01,Critical
625.43,56.57,41.34,1,-44.99,7.28,77.82,Fire Risk
869.88,72.39,34.98,1,-5.51,0.68,98.79,Critical
737.65,66.31,30.26,1,138.72,4.66,74.39,Fire Risk
249.77,26.13,50.86,0,74.51,-1.02,9.28,Normal
673.09,64.08,35.48,1,-2.4,1.57,85.48,Fire Risk
729.94,65.04,33.41,1,104.5,11.05,69.38,Fire Risk
612.41,34.11,45.97,0,112.95,-3.35,44.38,Gas Warning
190.12,26.72,60.71,0,-141.65,-7.3,1.92,Normal
354.79,25.64,73.49,0,68.1,0.95,1.56,Normal
809.34,44.03,51.99,1,24.5,-13.31,69.96,Fire Risk
837.68,98.16,31.96,1,0.4,34.62,88.03,Critical
230.2,28.82,67.05,0,-79.06,1.4,5.61,Normal
201.11,29.52,50.96,0,-141.37,2.12,12.85,Normal
607.23,55.46,45.2,0,-188.3,12.06,83.57,Fire Risk
516.93,36.83,69.42,0,-34.93,6.56,41.67,Gas Warning
273.04,33.93,65.96,0,55.76,6.82,2.52,Normal
805.55,99.39,35.05,1,-64.33,27.0,99.09,Critical
625.52,30.94,48.02,0,222.35,-3.2,33.39,Gas Warning
506.4,34.42,62.05,0,-11.11,3.71,30.89,Gas Warning
237.29,35.25,65.85,0,48.36,10.27,2.32,Normal
728.78,64.23,46.92,0,128.31,12.55,89.17,Fire Risk
881.06,75.1,17.37,1,79.62,-10.93,92.36,Critical
729.85,52.23,41.02,1,12.38,3.19,74.08,Fire Risk
619.63,30.89,63.87,0,102.28,-3.66,52.14,Gas Warning
606.73,48.88,48.25,1,-169.82,-5.05,78.99,Fire Risk
306.18,32.21,64.44,0,-40.67,8.15,10.5,Normal
958.1,84.47,24.76,1,46.03,-0.22,93.39,Critical
279.89,25.11,67.84,0,-0.56,-3.41,2.72,Normal
442.89,36.62,47.58,0,-61.89,6.51,59.72,Gas Warning
626.95,33.76,63.53,0,185.91,0.82,41.45,Gas Warning
155.91,26.95,65.75,0,-12.06,-0.51,12.54,Normal
852.28,63.58,34.32,1,-114.08,-31.28,97.5,Critical
301.4,28.25,61.53,0,154.73,-5.79,9.27,Normal
938.83,88.97,22.23,1,116.62,26.39,90.78,Critical
755.67,72.51,34.74,1,-61.57,-2.14,98.36,Critical
546.43,28.85,48.21,0,-24.61,-3.64,40.47,Gas Warning
290.6,30.39,71.21,0,-12.33,0.69,8.38,Normal
656.39,31.15,50.36,0,22.54,-0.63,37.49,Gas Warning
648.93,36.24,51.99,0,179.21,3.57,41.69,Gas Warning
162.72,27.29,61.11,0,-3.12,-1.51,1.19,Normal
752.28,51.21,51.48,1,166.18,-3.89,81.48,Fire Risk
264.96,31.9,71.89,0,111.2,8.16,6.58,Normal
237.03,26.59,64.68,0,-0.73,-4.62,6.87,Normal
264.42,30.44,53.65,0,-62.06,6.5,12.96,Normal
521.38,26.73,53.54,0,69.36,-9.4,59.11,Gas Warning
344.04,25.56,59.71,0,22.53,-4.99,0.76,Normal
960.52,64.33,23.93,1,196.56,-2.98,89.95,Critical
255.11,27.06,65.96,0,44.35,-3.22,1.07,Normal
987.51,72.24,36.58,1,159.91,-22.02,88.88,Critical
397.44,26.84,60.64,0,-255.53,-9.08,34.49,Gas Warning
156.91,28.4,66.01,0,-185.79,-2.26,10.2,Normal
220.16,27.11,60.85,0,-35.14,-4.31,9.58,Normal
646.57,57.25,45.36,1,-68.37,5.52,70.09,Fire Risk
299.28,30.65,70.9,0,-60.27,2.98,11.42,Normal
587.16,61.18,40.62,1,-210.32,-1.4,70.67,Fire Risk
799.45,44.75,39.96,1,50.41,-11.83,75.55,Fire Risk
434.57,35.62,45.73,0,-184.06,-0.02,39.59,Gas Warning
535.57,35.31,61.83,0,53.27,4.81,39.52,Gas Warning
829.11,66.04,35.71,1,-40.03,-3.69,94.52,Critical
499.46,37.46,48.93,0,-191.76,2.38,30.15,Gas Warning
590.47,42.86,42.29,1,19.86,-19.62,88.2,Fire Risk
601.08,39.9,62.78,0,-50.58,9.56,46.63,Gas Warning
725.7,60.57,33.88,1,2.21,7.17,77.59,Fire Risk
492.45,38.5,54.98,0,65.87,3.19,55.18,Gas Warning
328.31,28.86,73.13,0,143.29,-1.13,13.19,Normal
506.16,36.1,55.59,0,30.61,2.54,48.63,Gas Warning
610.88,47.42,37.59,0,-158.61,-20.0,75.11,Fire Risk
687.13,42.12,37.94,1,-61.59,-8.04,79.11,Fire Risk
965.12,66.27,37.45,1,93.14,-14.48,95.82,Critical
202.32,26.61,77.83,0,-127.41,0.31,9.71,Normal
642.98,62.48,53.49,1,62.76,4.39,68.06,Fire Risk
293.84,27.31,52.24,0,93.46,-3.87,11.86,Normal
908.34,73.29,16.86,1,58.55,-26.45,92.73,Critical
897.6,62.54,18.15,1,111.02,-27.4,99.19,Critical
796.21,55.24,47.44,1,-8.04,13.76,88.55,Fire Risk
828.43,63.88,28.26,1,19.09,19.85,70.21,Fire Risk
648.89,27.85,62.18,0,149.16,-6.35,59.16,Gas Warning
706.15,55.57,43.64,0,-31.5,-10.74,75.6,Fire Risk
642.95,29.17,60.99,0,169.9,-7.44,52.53,Gas Warning
942.7,85.34,38.45,1,163.97,-4.4,95.35,Critical
990.52,99.41,17.49,1,144.21,-0.01,89.46,Critical
302.57,26.63,63.74,0,53.43,-1.23,5.71,Normal
146.67,34.04,69.17,0,-141.89,3.33,6.19,Normal
252.77,32.15,68.82,0,49.12,4.2,9.88,Normal
286.37,28.68,61.13,0,-37.29,1.69,14.38,Normal
629.47,53.83,37.98,0,-38.04,12.28,80.18,Fire Risk
817.24,74.65,18.38,1,-200.49,-6.79,97.67,Critical
217.28,27.11,70.83,0,-18.41,1.85,9.82,Normal
965.11,84.52,22.0,1,44.97,7.72,91.57,Critical
597.57,49.8,31.32,1,-81.18,0.1,77.81,Fire Risk
695.01,63.82,46.78,1,-92.02,-2.15,86.99,Fire Risk
719.31,40.19,60.8,0,92.68,11.61,31.37,Gas Warning
713.06,64.02,37.55,0,-24.88,25.53,77.61,Fire Risk
311.3,29.8,57.23,0,16.51,-0.02,8.41,Normal
728.85,93.83,27.8,1,-26.83,21.32,95.51,Critical
665.95,36.46,57.65,0,147.29,1.72,52.69,Gas Warning
723.38,60.13,47.48,1,-37.41,9.62,75.22,Fire Risk
159.39,26.97,61.43,0,-126.6,0.52,3.09,Normal
657.61,34.66,51.83,0,169.6,-2.71,45.65,Gas Warning
850.99,64.4,28.85,1,-172.01,-8.06,97.9,Critical
268.25,28.2,49.72,0,39.28,-1.64,8.93,Normal
265.89,31.19,70.54,0,4.19,-0.54,9.88,Normal
467.38,27.66,68.97,0,-180.19,-3.94,47.8,Gas Warning
183.36,24.23,47.61,0,-12.96,-6.12,14.95,Normal
361.18,26.05,74.06,0,121.31,-1.4,0.15,Normal
701.37,62.3,51.22,1,-129.98,-6.38,69.13,Fire Risk
630.43,28.59,58.54,0,28.31,-1.87,57.87,Gas Warning
688.26,57.12,44.56,1,40.74,2.86,68.54,Fire Risk
469.87,39.09,55.28,0,71.88,8.15,46.8,Gas Warning
169.58,23.56,62.07,0,-110.64,-9.57,4.37,Normal
562.48,33.13,52.62,0,42.83,-7.29,39.95,Gas Warning
469.31,31.16,65.78,0,-120.91,3.54,51.08,Gas Warning
186.67,35.41,69.13,0,-58.09,4.9,1.17,Normal
748.72,50.16,49.69,1,-34.75,-1.76,81.69,Fire Risk
331.38,28.73,75.46,0,149.05,-2.94,3.59,Normal
794.35,46.63,44.56,1,87.92,-13.13,67.27,Fire Risk
261.77,31.09,49.52,0,73.45,5.11,14.01,Normal
360.06,29.52,56.41,0,164.77,3.05,14.22,Normal
288.06,24.58,52.69,0,125.84,-5.38,1.23,Normal
588.27,30.29,54.24,0,118.46,-9.26,40.45,Gas Warning
575.67,31.55,60.14,0,-27.81,0.44,30.79,Gas Warning
205.44,29.43,65.55,0,-144.84,0.61,0.05,Normal
929.96,67.81,36.51,1,122.51,-11.89,93.84,Critical
714.47,57.7,54.19,0,29.96,17.65,85.14,Fire Risk
639.81,59.61,50.62,1,-106.74,1.37,71.92,Fire Risk
630.77,47.82,49.26,1,10.78,-1.86,67.07,Fire Risk
301.41,30.39,66.95,0,-19.06,3.3,2.43,Normal
248.86,31.39,72.49,0,-102.23,2.49,5.71,Normal
737.38,64.86,38.03,1,92.09,10.79,67.86,Fire Risk
580.0,38.77,57.03,0,-47.66,8.11,41.79,Gas Warning
580.22,34.51,47.74,0,193.97,-3.35,36.81,Gas Warning
781.61,59.45,46.38,0,-44.68,2.43,82.65,Fire Risk
712.02,29.34,63.31,0,99.43,-1.05,41.93,Gas Warning
364.31,26.55,59.0,0,174.66,-6.72,3.47,Normal
169.53,24.4,59.51,0,-31.3,-7.73,10.17,Normal
187.35,25.38,73.61,0,-65.53,0.01,7.06,Normal
689.29,64.94,52.64,0,-66.02,17.14,79.55,Fire Risk
238.13,30.97,75.57,0,-62.38,4.51,13.65,Normal
850,53.05,41.57,1,31.68,12.04,88.16,Fire Risk
874.64,78.71,38.87,1,-43.39,12.31,94.66,Critical
170.02,27.96,50.92,0,-129.17,-2.13,3.08,Normal
264.05,29.69,53.47,0,-26.55,-0.71,14.43,Normal
614.95,36.76,54.36,0,190.59,0.51,49.77,Gas Warning
445.01,33.83,54.85,0,6.69,3.32,47.34,Gas Warning
515.88,33.28,65.76,0,-125.57,-1.99,32.78,Gas Warning
556.87,33.64,47.54,0,40.98,0.35,47.78,Gas Warning
771.58,45.23,39.42,1,7.61,2.16,67.84,Fire Risk
487.02,30.05,63.0,0,-160.63,-4.91,54.15,Gas Warning
621.94,35.45,66.51,0,152.33,8.04,41.71,Gas Warning
377.52,27.56,63.0,0,36.94,1.66,10.24,Normal
566.92,37.42,59.0,0,64.02,6.45,41.44,Gas Warning
442.32,31.94,43.19,0,-205.64,-2.68,32.45,Gas Warning
568.69,33.3,54.18,0,-94.56,1.46,38.37,Gas Warning
226.13,31.76,59.78,0,63.0,3.34,4.85,Normal
292.52,30.82,53.14,0,9.18,-2.8,10.31,Normal
970.42,84.81,34.85,1,126.78,-10.9,90.94,Critical
302.14,28.12,67.89,0,29.55,-1.38,9.97,Normal
835.62,69.75,31.16,1,43.63,4.19,96.62,Critical
740.2,41.34,35.9,0,45.31,-11.23,71.13,Fire Risk
838.55,70.94,28.69,1,-109.42,-13.55,88.29,Critical
306.54,28.13,62.72,0,18.47,3.55,8.16,Normal
270.1,31.9,55.27,0,-48.64,-0.52,12.84,Normal
930.83,88.45,31.75,1,-11.86,3.11,94.47,Critical
626.62,28.58,45.27,0,150.07,0.08,37.05,Gas Warning
834.03,86.28,27.51,1,-30.47,12.43,90.62,Critical
263.65,23.5,65.23,0,-4.36,-2.17,1.77,Normal
755.31,47.8,34.09,1,7.29,-9.73,82.68,Fire Risk
803.06,51.1,33.51,0,123.99,12.27,86.32,Fire Risk
551.18,30.02,61.44,0,-3.36,0.24,58.96,Gas Warning
691.22,35.08,63.83,0,157.7,-4.76,37.4,Gas Warning
732.37,48.3,39.21,1,-35.6,-11.97,75.92,Fire Risk
218.05,28.12,58.7,0,-77.92,-0.92,11.52,Normal
205.96,32.01,57.65,0,-107.54,5.98,1.35,Normal
937.17,75.0,32.0,1,88.35,-5.08,91.39,Critical
308.36,30.89,73.44,0,-19.95,2.03,12.31,Normal
360.81,30.1,63.25,0,118.25,3.2,1.27,Normal
733.71,63.32,40.07,1,18.39,16.26,75.96,Fire Risk
384.39,24.41,60.06,0,147.36,-2.18,13.21,Normal
624.83,27.41,64.32,0,-0.69,-3.53,46.71,Gas Warning
270.6,31.65,51.85,0,116.69,3.79,2.44,Normal
275.21,30.19,70.71,0,87.86,4.8,5.49,Normal
948.99,73.83,19.73,1,-2.23,-2.25,90.21,Critical
519.56,29.76,61.52,0,146.05,1.35,50.32,Gas Warning
252.27,30.94,70.14,0,-9.1,4.66,11.86,Normal
514.43,31.2,62.0,0,-35.84,-4.78,31.97,Gas Warning
535.89,28.97,55.32,0,-16.4,-3.2,57.76,Gas Warning
651.44,30.34,55.71,0,189.77,-3.46,56.71,Gas Warning
736.09,45.98,46.6,0,7.31,-18.25,72.08,Fire Risk
325.22,25.71,76.08,0,85.78,-3.92,10.04,Normal
742.03,65.71,37.85,1,107.31,19.17,71.42,Fire Risk
935.01,74.55,25.68,1,56.72,-18.99,94.2,Critical
284.3,27.03,59.92,0,117.14,-3.83,9.94,Normal
214.69,28.93,62.73,0,-81.84,-1.35,4.96,Normal
424.49,39.08,54.96,0,-16.19,9.06,45.18,Gas Warning
630.18,35.38,57.71,0,-52.22,0.66,57.49,Gas Warning
535.19,31.14,50.12,0,15.63,1.38,54.28,Gas Warning
173.52,26.48,54.43,0,-24.77,-7.38,11.31,Normal
249.79,27.92,56.82,0,54.53,-0.18,5.58,Normal
989.82,89.58,23.28,1,135.81,8.44,91.52,Critical
205.1,33.1,74.83,0,-122.66,-2.04,10.57,Normal
179.45,33.63,49.78,0,-30.65,6.0,11.49,Normal
594.86,60.2,47.8,1,29.36,1.28,77.21,Fire Risk
598.84,28.56,57.8,0,164.27,-7.06,40.68,Gas Warning
763.87,46.73,32.98,1,-28.65,5.39,65.52,Fire Risk
340.73,33.02,59.6,0,-23.96,5.22,6.65,Normal
616.33,53.47,47.94,1,-103.67,10.07,84.03,Fire Risk
559.06,31.52,66.7,0,-156.85,-6.08,35.96,Gas Warning
293.14,30.29,55.89,0,29.1,2.71,12.76,Normal
252.16,30.41,61.12,0,19.26,-0.69,10.29,Normal
572.95,58.08,49.76,1,-185.35,6.24,73.19,Fire Risk
506.01,30.31,51.71,0,88.36,-2.58,57.14,Gas Warning
1002.03,73.82,30.93,1,20.91,12.01,93.32,Critical
694.07,57.52,40.24,1,-25.06,4.94,65.69,Fire Risk
828.09,66.78,33.03,1,-117.5,3.15,98.37,Critical
1023,72.46,34.22,1,181.12,-16.56,91.31,Critical
660.24,44.34,43.14,1,-59.73,-6.36,70.81,Fire Risk
187.01,27.81,61.5,0,-0.92,-1.03,2.47,Normal
692.68,50.93,51.83,1,-106.77,6.18,88.5,Fire Risk
274.3,25.85,63.91,0,112.89,-2.84,4.51,Normal
495.15,36.0,50.82,0,61.65,-3.0,58.25,Gas Warning
839.62,67.08,37.95,0,253.59,10.48,88.68,Fire Risk
328.69,30.28,56.53,0,79.83,-1.11,2.68,Normal
465.83,38.57,42.94,0,-101.64,8.98,42.92,Gas Warning
720.0,43.39,33.63,1,49.06,-11.79,71.12,Fire Risk
533.52,39.84,49.34,0,39.86,6.46,44.68,Gas Warning
743.9,84.52,30.85,1,-113.77,11.67,92.99,Critical
622.21,44.41,45.73,1,-147.68,-2.51,81.64,Fire Risk
723.1,48.25,49.01,1,63.68,-6.35,67.8,Fire Risk
635.58,28.86,46.73,0,230.97,0.81,50.25,Gas Warning
843.0,79.32,26.44,1,-125.87,11.3,96.42,Critical
160.79,33.74,62.51,0,-136.16,5.19,4.15,Normal
687.67,32.73,64.7,0,-0.91,3.08,53.33,Gas Warning
704.1,65.08,31.69,0,-38.08,16.13,87.42,Fire Risk
931.8,84.42,29.7,1,136.11,17.27,89.29,Critical
213.41,26.46,56.77,0,-89.2,-4.63,4.76,Normal
240.23,29.66,58.27,0,-50.33,2.17,4.93,Normal
661.28,28.67,57.85,0,-58.72,-4.95,31.36,Gas Warning
369.58,27.89,67.98,0,119.81,1.75,11.87,Normal
778.36,50.55,52.23,1,42.68,3.81,69.6,Fire Risk
287.85,31.69,62.77,0,53.2,-2.31,10.84,Normal
736.07,60.9,30.25,0,168.74,8.57,66.09,Fire Risk
303.95,26.88,67.84,0,118.79,0.15,10.37,Normal
587.51,34.61,47.01,0,147.08,-0.87,55.87,Gas Warning
263.24,23.59,67.91,0,33.54,-6.39,6.55,Normal
574.42,49.51,34.39,1,-120.19,-0.63,76.67,Fire Risk
185.85,31.85,51.0,0,-15.54,4.14,8.12,Normal
652.98,35.93,48.9,0,77.31,4.38,56.11,Gas Warning
157.09,24.89,64.65,0,-136.41,-5.7,5.55,Normal
891.18,87.63,19.99,1,48.19,8.31,98.98,Critical
282.57,31.73,50.49,0,15.4,2.95,14.51,Normal
396.95,26.66,58.62,0,-119.98,-10.17,37.1,Gas Warning
171.94,27.48,65.52,0,-132.88,-5.18,10.6,Normal
236.38,28.95,52.59,0,-72.79,-1.35,11.96,Normal
552.06,26.27,52.61,0,136.81,-2.27,42.38,Gas Warning
727.97,52.37,53.3,1,94.75,-16.34,83.96,Fire Risk
651.66,30.35,60.14,0,169.89,2.34,30.24,Gas Warning
217.68,25.11,66.2,0,-61.65,-0.59,12.94,Normal
663.29,47.15,49.97,1,-107.67,-3.39,86.9,Fire Risk
200.12,27.03,64.07,0,-143.93,1.46,6.72,Normal
223.12,30.61,54.36,0,-9.48,0.82,6.33,Normal
434.06,36.02,54.87,0,-165.7,5.82,47.14,Gas Warning
644.11,34.46,63.91,0,61.99,4.88,51.03,Gas Warning
342.24,30.99,78.47,0,21.88,0.36,13.15,Normal
502.91,30.98,51.64,0,-68.45,2.41,43.24,Gas Warning
322.56,29.22,52.15,0,88.65,-1.52,8.65,Normal
703.09,28.47,65.24,0,185.4,-1.49,46.67,Gas Warning
364.69,27.79,69.78,0,144.2,0.31,4.76,Normal
263.01,29.1,58.99,0,82.18,0.63,12.79,Normal
875.39,71.71,19.69,1,43.97,-18.52,98.34,Critical
196.3,27.77,61.8,0,49.32,-2.64,11.26,Normal
282.21,27.07,58.34,0,5.8,0.84,1.91,Normal
714.94,51.73,35.99,1,1.02,-8.36,70.03,Fire Risk
652.57,59.91,41.02,1,105.11,-0.19,82.17,Fire Risk
233.37,29.9,59.6,0,15.24,2.82,3.37,Normal
272.25,26.91,54.2,0,-84.92,-1.09,13.94,Normal
559.59,33.81,55.04,0,-85.68,2.26,54.14,Gas Warning
777.46,48.21,47.7,1,45.08,-0.09,71.82,Fire Risk
588.43,36.1,49.31,0,81.76,2.14,53.68,Gas Warning
655.13,44.34,47.88,1,25.33,-14.42,82.46,Fire Risk
586.98,35.82,54.75,0,-88.57,2.56,58.54,Gas Warning
177.23,31.12,59.99,0,-5.09,0.41,0.4,Normal
245.96,33.18,70.01,0,-60.34,-0.74,5.03,Normal
221.55,26.65,54.02,0,3.38,2.24,11.37,Normal
415.25,28.55,51.38,0,-98.22,-6.98,35.08,Gas Warning
689.98,59.4,31.65,1,-81.0,-3.68,67.14,Fire Risk
519.65,40.42,49.01,0,-145.05,8.49,40.15,Gas Warning
749.05,56.58,40.13,1,116.15,0.35,84.84,Fire Risk
169.34,31.54,73.92,0,-8.06,-0.24,14.53,Normal
940.17,70.53,26.85,1,-82.83,0.61,96.34,Critical
610.51,43.14,33.39,1,-52.94,-2.01,75.78,Fire Risk
820.71,51.66,50.04,1,231.26,-14.36,71.9,Fire Risk
667.67,60.42,29.71,1,-161.35,-5.37,83.03,Fire Risk
300.68,23.81,67.8,0,104.07,-7.08,12.26,Normal
759.52,56.64,41.97,1,125.44,14.04,66.62,Fire Risk
732.75,58.02,45.78,0,6.44,17.55,68.65,Fire Risk
931.52,77.18,33.28,1,108.2,-14.4,92.93,Critical
822.21,62.58,36.2,1,-182.43,-30.0,91.52,Critical
524.47,35.81,62.75,0,-87.55,-0.31,51.6,Gas Warning
176.01,26.85,75.98,0,-54.29,-3.7,4.97,Normal
586.32,31.45,66.53,0,56.12,2.88,34.21,Gas Warning
210.1,27.63,50.28,0,-78.49,-2.17,12.67,Normal
490.2,30.64,60.18,0,-16.13,1.46,43.16,Gas Warning
882.91,83.18,25.35,1,-81.64,11.77,88.62,Critical
157.3,26.66,69.51,0,-18.7,-0.2,0.44,Normal
857.45,88.1,30.36,1,16.49,5.87,94.41,Critical
204.42,30.4,71.17,0,34.84,6.84,11.82,Normal
698.31,32.0,63.67,0,102.11,-6.19,55.55,Gas Warning
238.82,30.23,54.36,0,25.41,3.77,5.7,Normal
579.12,30.6,65.66,0,180.82,-0.6,34.46,Gas Warning
658.03,64.41,44.81,1,3.06,9.32,79.23,Fire Risk
422.36,31.19,64.67,0,-230.22,-5.44,50.53,Gas Warning
375.36,29.64,49.68,0,-182.21,0.02,57.25,Gas Warning
332.26,25.06,69.49,0,-40.05,-2.63,8.32,Normal
172.93,33.78,60.59,0,-43.15,1.56,14.07,Normal
241.02,32.9,63.62,0,-41.06,3.79,7.44,Normal
580.21,44.76,38.3,1,-37.81,-2.62,79.7,Fire Risk
257.82,24.04,60.09,0,-43.67,-6.53,2.66,Normal
908.98,88.21,34.26,1,-35.87,-5.32,89.81,Critical
573.44,59.81,43.99,1,-0.98,10.3,85.85,Fire Risk
174.29,27.59,54.94,0,-77.79,-1.46,1.48,Normal
687.41,32.83,65.92,0,192.26,-3.17,39.38,Gas Warning
257.03,30.36,53.04,0,82.7,3.2,1.02,Normal
386.1,29.15,54.26,0,-251.45,-6.86,50.51,Gas Warning
850,47.02,45.36,1,243.27,-1.86,78.15,Fire Risk
620.0,49.68,39.42,1,-68.63,-7.8,85.53,Fire Risk
237.76,34.77,61.27,0,9.67,9.64,8.19,Normal
260.66,31.62,59.69,0,58.2,-2.77,13.71,Normal
1023,76.43,27.25,1,181.01,6.03,94.02,Critical
298.7,28.91,64.57,0,-34.85,2.03,12.78,Normal
254.89,27.59,68.43,0,20.09,-5.13,9.21,Normal
756.0,55.13,45.67,1,98.72,6.12,66.58,Fire Risk
742.19,48.95,40.77,0,-39.32,0.14,74.44,Fire Risk
947.48,94.48,38.01,1,76.43,2.85,94.23,Critical
713.1,51.32,32.76,1,86.23,-7.81,76.78,Fire Risk
305.37,26.79,64.99,0,133.71,2.14,12.29,Normal
623.96,41.51,55.16,1,-92.25,-14.3,84.32,Fire Risk
785.0,46.44,44.85,1,129.04,2.26,87.93,Fire Risk
659.09,54.34,33.65,1,-64.15,13.51,67.14,Fire Risk
341.97,26.02,59.36,0,33.14,-1.54,9.58,Normal
452.02,36.13,43.34,0,-135.49,1.51,35.33,Gas Warning
549.08,37.33,58.57,0,97.86,0.94,42.78,Gas Warning
308.84,28.9,51.17,0,92.33,4.2,12.1,Normal
175.84,28.37,59.65,0,-86.36,4.22,7.52,Normal
179.12,29.25,51.6,0,-91.94,1.07,2.42,Normal
827.59,94.26,25.83,1,-124.26,18.36,92.45,Critical
373.51,28.42,67.37,0,-7.59,0.24,40.19,Gas Warning
434.85,33.34,63.23,0,-214.05,5.48,40.54,Gas Warning
706.43,59.75,41.69,1,0.6,6.85,73.67,Fire Risk
858.13,91.38,39.04,1,35.7,21.13,92.2,Critical
559.31,53.2,31.38,0,-153.07,-5.12,81.48,Fire Risk
233.03,30.88,72.36,0,76.09,1.57,1.11,Normal
906.24,81.21,28.14,1,164.67,-13.25,95.03,Critical
162.29,29.56,73.63,0,-92.9,-4.77,12.16,Normal
417.65,32.89,50.17,0,-56.06,0.67,48.4,Gas Warning
588.23,36.08,64.75,0,143.77,-2.2,41.72,Gas Warning
555.11,30.57,58.77,0,-106.37,-0.93,38.21,Gas Warning
527.49,33.34,66.33,0,-6.27,3.59,40.19,Gas Warning
701.66,59.52,36.6,1,-32.05,-3.81,87.43,Fire Risk
328.44,28.45,71.04,0,14.36,-0.12,10.45,Normal
476.7,36.09,44.19,0,-169.66,-0.09,49.24,Gas Warning
278.97,27.34,74.19,0,-68.08,-3.14,12.42,Normal
357.52,26.65,53.59,0,2.64,-0.37,5.87,Normal
763.14,90.12,25.45,1,-253.73,24.41,94.5,Critical
868.69,68.3,22.68,1,-72.55,0.49,96.64,Critical
683.49,50.3,51.74,1,-106.92,6.21,83.61,Fire Risk
215.05,27.4,68.69,0,52.76,-2.16,12.25,Normal
286.7,24.69,54.62,0,14.13,-5.01,12.59,Normal
195.26,28.1,56.88,0,-73.32,-5.75,3.56,Normal
715.32,47.06,31.89,1,-8.06,-13.08,87.91,Fire Risk
645.29,54.07,56.89,1,-125.65,-0.51,70.92,Fire Risk
840.96,82.23,16.01,1,0.18,9.22,94.34,Critical
153.18,27.3,70.31,0,-197.29,-1.92,6.34,Normal
220.08,29.32,60.01,0,-99.05,-0.41,2.79,Normal
612.21,52.35,48.15,1,-142.21,-0.24,65.15,Fire Risk
758.27,68.48,35.02,1,-48.52,-16.54,91.88,Critical
580.88,36.28,51.53,0,72.6,2.85,36.76,Gas Warning
199.33,30.51,64.85,0,-62.08,-1.62,1.9,Normal
828.44,41.81,36.28,1,166.35,-10.73,74.34,Fire Risk
234.8,32.73,52.87,0,-3.33,1.76,3.75,Normal
188.32,25.99,67.85,0,-117.74,0.84,10.51,Normal
154.45,27.56,75.47,0,-31.14,0.48,7.85,Normal
246.92,26.43,57.47,0,29.32,0.19,0.95,Normal
161.65,29.21,63.29,0,-84.3,-3.97,13.89,Normal
440.69,30.03,56.93,0,-145.63,-1.43,57.51,Gas Warning
305.36,25.27,65.45,0,50.47,-2.33,14.78,Normal
145.49,32.35,64.73,0,-16.17,3.14,7.3,Normal
180.1,26.8,64.15,0,-76.68,-2.74,0.43,Normal
590.43,30.34,59.78,0,3.44,-5.48,58.66,Gas Warning
290.75,33.22,54.43,0,121.98,7.77,0.63,Normal
305.69,29.93,54.93,0,45.71,0.95,5.28,Normal
204.45,30.47,53.81,0,-15.71,3.36,4.87,Normal
224.58,30.37,64.68,0,-19.57,4.59,12.02,Normal
776.5,88.45,31.82,1,-169.33,-1.75,97.17,Critical
922.46,78.15,18.32,1,-60.65,6.52,93.43,Critical
706.17,49.29,43.25,1,126.78,-10.82,76.86,Fire Risk
319.13,29.73,63.88,0,55.89,6.14,9.07,Normal
327.31,28.38,68.13,0,153.79,1.9,0.93,Normal
611.08,45.68,45.46,1,-217.35,-18.2,81.42,Fire Risk
544.82,35.55,45.41,0,-71.25,-3.1,41.19,Gas Warning
266.63,29.08,60.09,0,-41.53,-2.7,5.77,Normal
212.44,27.17,73.06,0,27.49,-4.68,12.52,Normal
233.29,25.82,78.98,0,-66.93,-3.26,4.37,Normal
273.09,27.58,60.31,0,-46.98,3.95,7.31,Normal
426.58,35.32,58.73,0,-161.85,-0.78,40.59,Gas Warning
347.05,30.48,75.58,0,67.42,4.3,0.84,Normal
594.8,61.12,57.33,1,-0.06,0.92,69.18,Fire Risk
996.91,77.38,17.02,1,53.3,1.97,91.4,Critical
705.47,62.88,44.15,1,-69.5,15.67,88.72,Fire Risk
886.94,70.71,21.69,1,-48.06,-3.84,91.76,Critical
447.81,38.1,68.82,0,-191.33,9.11,56.58,Gas Warning
306.2,24.31,72.52,0,16.55,-3.06,5.5,Normal
869.15,69.73,28.66,1,80.89,5.45,99.66,Critical
1001.84,81.17,24.09,1,72.51,0.63,88.25,Critical
669.61,40.41,43.79,1,42.97,-19.2,66.39,Fire Risk
623.68,33.55,48.18,0,70.66,-2.0,30.51,Gas Warning
639.66,32.77,57.57,0,22.6,1.08,56.23,Gas Warning
832.71,73.11,27.21,1,-59.9,-19.49,94.63,Critical
337.1,33.04,51.43,0,100.35,2.65,3.05,Normal
313.79,32.69,55.32,0,135.97,-0.24,14.44,Normal
723.24,40.83,36.56,1,91.46,0.7,81.97,Fire Risk
145.25,26.85,50.98,0,-9.65,-4.5,6.73,Normal
308.16,31.78,65.24,0,138.63,7.38,7.85,Normal
779.06,52.74,53.1,0,156.38,2.91,77.81,Fire Risk
617.06,31.69,46.95,0,-46.45,0.52,39.15,Gas Warning
303.55,32.36,74.07,0,83.93,3.21,4.63,Normal
683.59,47.19,51.42,1,8.16,-13.1,77.62,Fire Risk
721.13,47.82,33.61,0,-73.22,1.19,68.5,Fire Risk
169.69,27.61,60.18,0,-122.38,-5.88,7.49,Normal
641.54,45.42,47.42,1,41.74,1.14,73.13,Fire Risk
862.72,91.69,16.47,1,-87.72,6.34,90.74,Critical
187.92,28.84,69.74,0,31.2,-0.57,4.77,Normal
591.83,44.58,37.93,1,-24.5,-8.88,68.96,Fire Risk
316.3,29.13,54.34,0,63.54,-3.02,12.58,Normal
565.19,29.89,46.17,0,86.63,-4.19,42.21,Gas Warning
949.08,84.09,34.22,1,-38.75,11.57,96.91,Critical
618.47,33.43,51.97,0,2.83,2.82,30.18,Gas Warning
163.89,27.42,54.42,0,16.99,-3.65,2.38,Normal
601.41,63.51,43.96,1,-71.34,4.45,89.82,Fire Risk
209.65,31.17,78.31,0,-37.16,3.79,14.72,Normal
792.5,49.08,52.98,0,26.63,-8.46,85.08,Fire Risk
491.58,31.81,54.61,0,-85.34,0.78,46.94,Gas Warning
748.02,57.54,48.96,1,94.83,5.38,67.53,Fire Risk
313.22,29.74,72.44,0,24.56,5.23,3.97,Normal
885.93,74.01,30.62,1,-44.9,-14.44,93.69,Critical
542.42,31.77,62.12,0,-56.07,0.6,54.31,Gas Warning
554.1,35.88,50.27,0,24.15,1.95,52.46,Gas Warning
368.07,34.23,55.56,0,129.24,4.0,10.71,Normal
598.49,31.17,58.57,0,-8.15,-3.51,43.5,Gas Warning
339.16,26.97,54.91,0,89.61,-2.97,3.0,Normal
450.39,38.27,61.66,0,-20.14,5.5,30.14,Gas Warning
245.59,28.13,57.36,0,-94.28,4.1,11.58,Normal
280.22,33.14,52.96,0,84.2,4.79,9.91,Normal
214.69,28.88,57.33,0,-43.92,-2.99,0.07,Normal
278.58,24.58,72.97,0,-22.08,-5.75,3.61,Normal
241.95,28.84,59.37,0,-61.6,-3.52,2.63,Normal
252.74,29.29,54.5,0,-15.51,-1.05,0.08,Normal
167.7,28.86,57.84,0,-3.77,-0.79,3.05,Normal
637.56,36.01,62.58,0,160.29,7.49,32.14,Gas Warning
624.83,47.08,34.5,1,-11.26,-14.41,84.73,Fire Risk
594.64,35.98,53.24,0,-28.66,5.29,54.82,Gas Warning
237.76,31.21,56.77,0,-32.19,3.63,3.58,Normal
283.34,33.62,75.27,0,128.89,6.06,1.99,Normal
601.46,36.91,50.08,0,-33.91,5.98,44.91,Gas Warning
535.1,38.6,45.12,0,-54.97,-1.95,56.05,Gas Warning
600.2,30.33,50.23,0,125.65,-2.24,47.57,Gas Warning
454.98,32.09,56.75,0,-29.23,-2.19,54.68,Gas Warning
424.89,32.56,64.93,0,-16.32,-5.48,51.62,Gas Warning
510.3,40.32,55.32,0,1.05,11.21,46.96,Gas Warning
850.08,89.32,37.3,1,-21.38,-3.45,91.39,Critical
323.46,29.97,69.04,0,-0.87,-1.62,13.3,Normal
506.67,33.96,53.97,0,83.1,0.77,39.79,Gas Warning
865.85,86.19,35.95,1,26.81,6.82,97.17,Critical
554.06,39.42,58.73,0,-57.37,10.2,48.55,Gas Warning
576.92,31.03,47.13,0,103.7,-1.76,52.7,Gas Warning
243.22,33.44,56.03,0,-6.4,-0.92,9.53,Normal
670.42,49.29,56.6,0,-61.44,-6.54,73.84,Fire Risk
920.73,91.65,20.89,1,18.94,18.06,93.26,Critical
185.15,30.42,67.89,0,-114.67,2.45,11.37,Normal
662.25,57.25,41.49,1,-26.01,0.13,88.41,Fire Risk
201.18,28.39,65.18,0,20.5,-5.98,2.51,Normal
390.49,38.84,51.41,0,-254.04,9.11,30.59,Gas Warning
289.64,27.36,53.88,0,31.45,-2.5,11.14,Normal
175.26,27.16,47.0,0,-29.19,-3.31,11.75,Normal
166.37,26.55,56.3,0,-153.26,-5.66,8.23,Normal
684.51,40.05,35.14,1,116.99,-15.3,77.18,Fire Risk
745.96,52.82,51.79,1,32.91,-11.2,69.7,Fire Risk
275.14,30.44,61.76,0,55.06,1.12,8.19,Normal
164.21,26.23,59.86,0,-0.06,-3.19,3.49,Normal
765.01,100,29.57,1,-157.45,21.85,98.05,Critical
515.51,26.47,54.75,0,-6.92,-12.62,31.95,Gas Warning
341.2,26.28,59.64,0,18.04,-0.72,1.15,Normal
199.27,27.56,68.53,0,-106.59,3.24,3.39,Normal
636.18,31.15,52.55,0,96.67,-0.35,38.54,Gas Warning
228.19,27.2,68.61,0,52.67,-3.84,4.52,Normal
302.62,31.08,52.86,0,57.02,2.96,8.37,Normal
684.07,29.43,48.43,0,160.4,-5.08,47.16,Gas Warning
665.09,46.25,37.72,1,-41.31,-8.64,66.68,Fire Risk
456.07,33.14,46.02,0,-223.48,-5.49,50.91,Gas Warning
237.41,23.76,61.92,0,-69.35,-8.21,11.77,Normal
444.46,38.28,51.61,0,-168.85,5.13,39.91,Gas Warning
1013.41,74.47,21.92,1,170.96,3.73,99.38,Critical
679.32,30.65,52.45,0,196.32,2.18,53.56,Gas Warning
846.31,99.42,32.21,1,-92.43,33.44,90.87,Critical
250.7,27.14,68.21,0,32.65,-0.98,9.74,Normal
947.97,84.5,31.77,1,75.01,3.23,91.77,Critical
189.13,29.24,59.22,0,6.87,-4.29,10.38,Normal
584.27,55.93,31.13,1,-110.74,-7.89,88.52,Fire Risk
185.16,26.73,69.83,0,-71.08,-3.22,4.48,Normal
319.81,31.31,53.62,0,-37.71,4.66,10.35,Normal
197.93,31.89,49.36,0,-37.36,5.73,6.82,Normal
318.22,31.93,76.03,0,149.57,-1.08,2.31,Normal
765.27,86.33,24.37,1,-167.18,-3.08,97.31,Critical
293.5,30.59,49.2,0,-32.23,-0.92,4.34,Normal
288.3,25.52,69.39,0,4.42,-6.56,4.33,Normal
557.57,29.61,52.46,0,63.43,-3.24,39.6,Gas Warning
951.86,75.89,21.01,1,113.3,-14.99,99.57,Critical
276.41,26.23,56.74,0,67.07,-0.49,12.72,Normal
380.25,30.16,60.78,0,-90.65,-6.39,37.6,Gas Warning
968.87,68.02,26.95,1,210.59,-0.46,96.37,Critical
397.99,30.94,50.41,0,-145.91,-4.02,53.47,Gas Warning
256.78,29.54,59.5,0,-72.05,-0.01,12.46,Normal
547.67,39.91,47.13,0,80.14,4.33,52.41,Gas Warning
181.49,32.54,78.29,0,-118.71,-0.78,10.43,Normal
289.26,31.55,62.47,0,88.15,2.03,7.86,Normal
296.53,30.28,50.29,0,111.38,-0.14,10.38,Normal
473.05,36.61,51.25,0,75.61,9.77,40.12,Gas Warning
586.85,30.7,62.55,0,152.0,-2.64,39.02,Gas Warning
239.87,27.45,49.7,0,-35.4,-5.61,9.5,Normal
640.38,66.69,38.13,1,-89.47,14.45,86.48,Fire Risk
194.02,32.35,67.88,0,-105.47,4.26,9.96,Normal
282.01,25.88,49.0,0,44.6,2.12,13.02,Normal
983.12,71.63,20.66,1,89.16,-12.25,98.95,Critical
845.32,41.21,37.6,0,105.54,-14.17,84.41,Fire Risk
420.19,33.56,46.55,0,-27.62,-4.54,52.54,Gas Warning
475.41,31.24,47.65,0,18.32,-6.75,59.73,Gas Warning
254.7,32.83,55.79,0,93.91,-0.91,1.6,Normal
567.48,29.59,42.97,0,64.51,-3.02,56.43,Gas Warning
478.65,38.18,61.55,0,-156.93,9.31,56.91,Gas Warning
644.53,29.74,59.27,0,89.43,-0.84,47.14,Gas Warning
790.4,44.09,44.97,1,118.29,4.7,86.41,Fire Risk
401.22,36.67,49.07,0,25.86,7.03,30.41,Gas Warning
580.98,47.49,40.23,1,-232.82,-2.95,65.69,Fire Risk
626.69,28.03,49.29,0,7.06,-2.87,36.13,Gas Warning
284.56,28.68,69.26,0,54.68,-4.46,11.32,Normal
174.98,29.95,67.51,0,-113.49,1.57,14.3,Normal
963.51,86.3,28.19,1,18.93,1.91,98.54,Critical
353.69,31.17,70.66,0,48.33,5.9,3.33,Normal
678.52,62.99,47.92,1,-5.79,-1.56,80.85,Fire Risk
300.5,26.46,66.34,0,-60.68,0.41,13.97,Normal
584.17,51.99,41.87,1,-121.3,-10.89,88.01,Fire Risk
654.71,33.91,66.61,0,26.45,-1.01,40.74,Gas Warning
789.87,96.45,22.54,1,-141.4,21.82,97.5,Critical
301.07,27.96,59.95,0,107.84,3.05,7.47,Normal
679.21,59.07,31.91,1,19.53,11.96,89.9,Fire Risk
300.2,33.32,64.1,0,74.43,7.4,12.85,Normal
217.18,25.19,60.6,0,21.45,-1.05,4.13,Normal
323.0,28.54,74.14,0,4.99,-3.06,10.58,Normal
306.76,31.96,65.06,0,107.49,4.4,5.69,Normal
719.89,51.49,34.82,1,38.77,1.37,87.25,Fire Risk
209.34,26.72,65.41,0,-38.41,-1.26,11.13,Normal
627.07,34.85,62.05,0,35.66,-1.43,38.14,Gas Warning
547.46,60.1,30.83,1,-153.9,-2.2,67.25,Fire Risk
530.19,28.57,50.29,0,57.66,-7.41,35.38,Gas Warning
746.55,58.24,49.73,1,168.85,17.41,86.16,Fire Risk
234.65,33.99,58.34,0,-15.62,5.07,7.53,Normal
298.01,24.79,69.16,0,-2.98,-5.11,7.69,Normal
582.55,58.3,41.53,1,-102.52,1.38,74.77,Fire Risk
822.43,70.25,31.22,1,-98.3,-21.39,90.53,Critical
746.86,62.59,37.56,1,168.16,14.61,67.54,Fire Risk
518.12,32.66,57.47,0,15.99,-4.17,35.42,Gas Warning
240.01,25.85,63.0,0,-7.7,-1.02,6.25,Normal
497.67,31.44,46.12,0,-64.29,0.42,52.65,Gas Warning
197.18,35.24,51.47,0,-46.35,9.9,4.23,Normal
773.89,90.85,32.11,1,-158.8,20.31,93.68,Critical
166.7,32.28,66.22,0,-124.05,-0.93,6.27,Normal
257.66,28.61,48.8,0,42.59,2.99,3.17,Normal
980.94,95.01,18.35,1,138.68,23.67,96.83,Critical
705.29,45.4,39.92,1,-7.69,-15.56,65.25,Fire Risk
633.22,68.71,37.3,1,26.0,13.25,74.54,Fire Risk
583.54,45.79,36.57,0,-198.07,-13.66,72.37,Fire Risk
850.07,90.96,20.66,1,17.07,15.8,90.1,Critical
703.79,61.6,41.42,0,-58.85,-5.43,86.5,Fire Risk
196.6,30.89,73.66,0,-90.13,0.81,4.51,Normal
901.79,73.59,24.38,1,50.88,8.97,90.74,Critical
213.76,30.03,71.24,0,-66.33,3.11,8.93,Normal
601.41,61.08,34.4,1,8.69,11.82,67.12,Fire Risk
636.16,53.21,51.39,0,-184.55,1.55,85.15,Fire Risk
353.02,27.85,64.03,0,120.39,-2.15,8.04,Normal
682.95,59.36,32.59,1,-68.47,16.03,78.35,Fire Risk
744.82,47.21,37.54,1,188.28,0.67,83.35,Fire Risk
660.71,58.62,37.09,1,-44.91,-3.4,66.01,Fire Risk
866.47,91.31,28.46,1,-55.66,7.35,97.48,Critical
722.21,41.45,51.13,1,-60.72,-3.89,80.25,Fire Risk
925.26,84.54,20.23,1,-31.09,17.04,95.27,Critical
625.44,53.99,31.69,1,-108.27,9.69,87.09,Fire Risk
254.17,26.31,73.48,0,14.8,-1.37,10.43,Normal
280.09,26.93,74.14,0,83.78,-0.84,0.75,Normal
200.42,33.36,64.76,0,-119.45,8.54,13.91,Normal
250.48,27.48,53.93,0,71.36,-1.77,14.37,Normal
722.5,42.61,39.99,1,15.19,-7.93,82.88,Fire Risk
289.5,28.35,53.54,0,42.51,1.68,2.4,Normal
929.33,80.54,33.96,1,-82.51,-2.0,89.67,Critical
286.73,30.08,70.5,0,122.52,3.85,11.89,Normal
699.93,53.15,29.64,1,119.72,8.39,76.11,Fire Risk
866.66,69.85,30.47,1,-133.6,-8.6,96.0,Critical
185.76,29.28,66.41,0,-26.75,-2.85,6.63,Normal
610.44,35.75,58.13,0,165.05,-0.66,30.71,Gas Warning
443.69,39.69,60.03,0,-61.18,10.91,39.86,Gas Warning
774.64,43.64,54.78,1,186.99,-15.98,81.37,Fire Risk
433.73,31.95,46.43,0,-99.59,-5.52,33.76,Gas Warning
193.89,26.46,50.84,0,-46.34,-3.21,3.76,Normal
627.1,33.25,56.0,0,74.5,-0.25,34.78,Gas Warning
866.65,92.28,19.44,1,-25.83,-6.22,88.71,Critical
289.95,28.81,50.53,0,-11.45,0.56,0.18,Normal
839.04,79.37,18.95,1,-71.67,2.63,90.29,Critical
216.08,32.22,70.16,0,-5.85,0.17,8.74,Normal
712.98,60.96,46.54,1,126.79,11.89,75.48,Fire Risk
639.33,47.62,44.51,1,-50.64,-11.78,84.56,Fire Risk
313.66,33.58,59.88,0,13.03,4.58,4.67,Normal
758.31,51.84,49.17,1,136.1,7.43,70.15,Fire Risk
714.59,61.79,49.01,0,31.0,14.6,83.34,Fire Risk
176.74,34.15,64.98,0,-97.56,8.3,7.43,Normal
163.46,24.66,76.73,0,-162.54,-9.57,14.41,Normal
457.09,37.98,56.88,0,49.52,4.96,48.05,Gas Warning
529.96,32.66,46.37,0,132.73,4.52,55.23,Gas Warning
964.55,71.41,14.79,1,196.64,-8.17,93.27,Critical
220.35,29.29,68.28,0,-100.98,0.26,0.02,Normal
769.49,67.41,53.57,1,34.73,21.27,76.2,Fire Risk
350.28,28.82,66.91,0,30.33,-4.77,9.8,Normal
571.35,28.57,51.19,0,-32.07,-7.17,49.07,Gas Warning
320.24,34.03,65.74,0,144.4,5.66,8.32,Normal
168.65,33.01,57.24,0,-20.38,2.16,8.07,Normal
276.25,34.63,59.98,0,119.36,4.22,4.24,Normal
767.44,89.6,27.77,1,-140.9,16.31,97.91,Critical
484.22,36.34,55.62,0,96.06,1.67,55.67,Gas Warning
477.27,28.53,58.66,0,-82.33,-5.28,32.47,Gas Warning
274.21,31.4,64.1,0,108.4,4.2,0.64,Normal
179.17,27.33,62.18,0,22.72,-1.6,4.65,Normal
445.52,32.18,49.03,0,-274.48,0.5,37.66,Gas Warning
807.12,86.82,19.94,1,-64.78,-13.18,98.08,Critical
200.83,32.13,70.49,0,22.0,0.96,13.81,Normal
268.38,23.87,61.24,0,16.22,-6.54,4.13,Normal
596.2,38.19,69.43,0,153.31,1.58,50.34,Gas Warning
639.07,32.07,53.3,0,247.91,5.28,40.42,Gas Warning
647.96,34.62,55.25,0,74.7,-2.23,56.51,Gas Warning
288.94,33.91,53.09,0,133.11,7.43,11.34,Normal
319.21,29.43,63.24,0,26.07,-0.86,14.14,Normal
282.39,30.22,71.73,0,29.65,0.93,2.99,Normal
701.76,56.89,46.82,1,142.46,3.69,68.29,Fire Risk
171.45,29.6,72.92,0,27.34,0.16,0.57,Normal
404.61,28.05,56.42,0,-18.56,-4.56,32.33,Gas Warning
228.88,27.24,65.29,0,-113.35,2.97,14.89,Normal
644.26,33.73,52.61,0,228.63,4.81,40.88,Gas Warning
182.33,31.67,66.14,0,-155.11,0.28,8.24,Normal
178.84,30.24,68.54,0,-109.69,-2.53,6.13,Normal
733.04,67.12,50.68,1,123.72,6.14,67.06,Fire Risk
910.83,85.89,27.03,1,29.34,1.19,97.04,Critical
804.25,41.48,52.79,0,220.1,-12.63,87.56,Fire Risk
691.06,32.48,50.49,0,172.32,2.0,48.67,Gas Warning
575.58,40.65,35.55,0,-274.42,-12.4,70.42,Fire Risk
461.67,33.8,61.38,0,-13.23,2.97,32.94,Gas Warning
674.39,33.58,48.29,0,23.13,-0.77,56.13,Gas Warning
684.17,33.98,45.38,0,26.71,2.96,39.91,Gas Warning
340.17,32.37,54.0,0,44.98,3.41,0.9,Normal
543.99,37.91,58.02,0,86.58,3.43,38.26,Gas Warning
652.13,44.51,35.78,1,-21.02,-19.43,86.73,Fire Risk
638.31,42.38,36.96,1,74.71,0.92,85.58,Fire Risk
177.04,30.71,57.86,0,-16.75,-0.95,0.81,Normal
183.52,27.5,79.13,0,-147.86,-1.23,6.92,Normal
330.52,32.14,52.78,0,48.13,1.91,8.03,Normal
629.8,58.76,35.46,0,-192.6,10.28,89.4,Fire Risk
673.4,50.22,32.06,0,-6.73,-1.07,89.7,Fire Risk
252.88,25.37,73.69,0,-48.19,-2.59,14.5,Normal
400.2,33.87,51.04,0,-290.86,1.4,37.63,Gas Warning
288.6,29.8,57.91,0,81.91,-3.1,2.7,Normal
451.22,36.39,59.3,0,-87.67,3.84,44.29,Gas Warning
682.4,34.72,49.69,0,61.08,3.19,41.81,Gas Warning
636.1,61.49,34.35,0,-166.96,10.39,87.43,Fire Risk
220.62,32.22,62.25,0,19.44,3.83,10.58,Normal
291.01,31.3,71.4,0,97.8,3.38,10.81,Normal
423.57,33.19,48.54,0,-155.82,-0.69,56.15,Gas Warning
869.27,65.86,29.0,1,-112.24,-2.61,88.72,Critical
184.95,31.85,58.46,0,-78.83,1.07,8.28,Normal
889.94,79.6,35.69,1,-68.15,-4.88,90.2,Critical
679.07,38.82,38.02,1,-37.54,-10.5,83.03,Fire Risk
712.38,58.32,33.64,1,67.03,-0.53,70.64,Fire Risk
579.39,60.12,49.11,1,-213.1,11.03,75.99,Fire Risk
350.32,31.03,69.66,0,164.46,-0.82,8.03,Normal
391.16,26.79,69.23,0,-210.01,-2.85,38.11,Gas Warning
353.67,29.36,57.23,0,77.42,-5.27,13.47,Normal
281.97,30.39,65.23,0,107.69,2.79,5.5,Normal
231.49,27.15,68.07,0,13.93,1.48,13.45,Normal
534.48,29.98,46.12,0,27.79,1.44,59.1,Gas Warning
633.44,54.91,52.63,1,-127.4,0.32,74.29,Fire Risk
850.91,64.62,35.75,1,-54.02,-9.92,99.4,Critical
430.36,37.01,57.87,0,-91.02,10.28,30.62,Gas Warning
825.89,76.44,23.31,1,-69.51,-10.4,88.8,Critical
381.05,28.87,66.08,0,-63.96,-4.96,59.21,Gas Warning
686.04,32.26,66.31,0,12.35,-6.11,56.3,Gas Warning
202.46,34.4,52.58,0,-68.02,2.1,14.82,Normal
445.41,38.83,46.79,0,-141.56,0.47,55.6,Gas Warning
737.94,38.5,48.26,0,135.84,-18.69,70.22,Fire Risk
1023,69.92,38.42,1,125.4,7.39,98.56,Critical
411.42,33.19,62.6,0,-180.65,1.99,35.97,Gas Warning
702.75,66.16,54.27,1,91.87,18.75,67.47,Fire Risk
931.51,84.95,34.99,1,6.68,11.18,98.64,Critical
438.4,31.05,46.18,0,-239.45,-5.45,58.42,Gas Warning
249.14,27.86,57.8,0,92.91,-0.24,12.78,Normal
392.98,31.31,47.09,0,-127.64,-6.56,52.06,Gas Warning
527.67,33.2,62.51,0,-52.64,4.96,31.06,Gas Warning
515.4,29.41,58.45,0,-72.83,-6.67,32.8,Gas Warning
563.74,45.28,40.74,1,-17.53,-5.35,86.31,Fire Risk
609.37,31.53,57.25,0,-102.65,2.19,37.59,Gas Warning
913.11,85.81,29.87,1,-24.06,10.81,88.77,Critical
636.68,40.78,68.74,0,101.48,9.64,31.96,Gas Warning
731.86,55.83,35.33,1,-64.35,0.59,86.12,Fire Risk
331.77,34.01,74.45,0,51.88,8.9,8.24,Normal
319.02,23.88,68.65,0,159.62,-3.1,4.89,Normal
642.24,62.25,49.47,1,-132.21,1.2,73.6,Fire Risk
771.36,43.58,36.77,0,132.03,-4.04,76.57,Fire Risk
956.34,67.5,25.65,1,108.78,-22.11,89.29,Critical
550.27,35.98,46.21,0,3.83,7.13,40.72,Gas Warning
932.86,79.45,36.08,1,64.17,11.15,95.16,Critical
629.44,27.89,54.19,0,-73.65,-0.57,31.27,Gas Warning
276.05,29.33,61.01,0,117.33,-1.57,14.12,Normal
232.89,31.1,53.11,0,64.59,0.04,13.0,Normal
162.22,29.96,58.42,0,-33.19,-1.95,4.42,Normal
252.4,25.05,71.99,0,19.2,-1.87,9.3,Normal
649.73,47.19,40.43,1,-35.16,-12.97,75.26,Fire Risk
229.87,33.14,53.14,0,19.25,6.75,2.96,Normal
156.93,29.31,64.79,0,-136.91,2.0,1.29,Normal
518.66,34.75,46.66,0,-26.16,-0.8,35.65,Gas Warning
871.9,100,21.89,1,-59.87,30.05,97.67,Critical
713.93,60.09,54.04,1,-23.45,-4.77,82.47,Fire Risk
299.49,28.09,72.06,0,14.85,-0.43,14.25,Normal
457.41,34.49,49.26,0,-22.94,4.14,51.29,Gas Warning
179.82,24.79,59.87,0,-35.01,-3.69,9.64,Normal
180.68,34.37,55.48,0,-81.09,3.28,9.56,Normal
285.69,30.98,70.58,0,-20.51,6.67,12.45,Normal
234.76,34.59,56.59,0,75.74,3.96,2.68,Normal
187.75,31.99,47.47,0,-132.05,0.68,1.56,Normal
559.61,32.87,49.07,0,79.4,-0.47,56.79,Gas Warning
288.47,28.39,62.03,0,55.18,2.57,5.89,Normal
944.58,84.39,17.61,1,29.41,9.01,96.02,Critical
272.97,28.72,65.13,0,4.63,-3.14,13.56,Normal
655.97,44.18,50.98,1,49.82,-2.33,86.33,Fire Risk
244.86,28.28,68.2,0,-31.18,-1.05,10.7,Normal
584.24,29.85,65.2,0,56.45,-0.07,58.58,Gas Warning
662.19,41.2,37.04,0,-135.99,-14.0,84.56,Fire Risk
912.07,84.7,23.75,1,-51.44,-1.6,98.81,Critical
313.73,31.91,57.68,0,125.26,5.59,0.35,Normal
1023,90.03,16.14,1,140.09,6.84,92.64,Critical
832.92,68.93,20.14,1,-81.94,-12.88,95.24,Critical
634.72,46.53,55.47,1,-54.06,-8.35,74.55,Fire Risk
1023,80.24,23.05,1,136.06,9.53,94.21,Critical
167.16,30.86,75.19,0,0.78,4.3,3.53,Normal
317.96,30.86,51.16,0,132.49,3.98,13.76,Normal
776.63,45.62,36.87,1,159.18,-12.64,65.59,Fire Risk
719.98,50.7,51.31,0,53.04,9.88,86.62,Fire Risk
236.94,29.55,62.73,0,10.85,0.96,0.68,Normal
345.5,27.69,57.26,0,-21.13,-3.26,11.49,Normal
288.52,32.77,60.35,0,-20.31,3.87,5.17,Normal
553.02,35.55,57.72,0,-48.43,-1.36,47.34,Gas Warning
298.23,28.0,70.27,0,66.75,-0.91,2.25,Normal
670.52,35.02,53.85,0,-15.52,2.76,54.4,Gas Warning
606.68,50.5,43.93,1,-139.28,-2.32,83.63,Fire Risk
308.83,27.56,52.51,0,30.25,2.98,12.07,Normal
420.69,31.88,66.28,0,-114.41,-6.71,47.51,Gas Warning
193.21,27.92,57.09,0,-113.51,3.04,2.24,Normal
183.9,32.89,51.66,0,-121.98,4.34,10.56,Normal
230.3,30.55,58.94,0,-58.09,4.13,0.33,Normal
801.44,86.03,34.22,1,-148.96,8.36,98.13,Critical
734.76,46.14,34.6,1,150.49,-9.79,77.44,Fire Risk
892.48,98.49,28.55,1,58.45,12.21,88.06,Critical
342.23,24.27,61.5,0,114.89,-3.31,1.54,Normal
765.87,57.54,49.94,1,49.02,17.94,85.18,Fire Risk
329.35,28.48,51.18,0,105.06,-1.88,14.12,Normal
822.57,66.3,42.1,1,184.26,23.92,83.76,Fire Risk
327.19,27.8,55.03,0,-32.86,-1.72,8.85,Normal
233.2,26.92,54.3,0,-13.72,0.49,9.38,Normal
743.31,55.04,35.25,1,-17.34,3.42,82.8,Fire Risk
368.02,28.23,63.35,0,79.9,-4.5,10.66,Normal
242.56,26.9,77.14,0,-112.23,1.26,1.4,Normal
271.06,28.18,67.83,0,105.16,1.97,7.18,Normal
572.47,49.41,42.67,1,-22.33,-11.71,71.43,Fire Risk
247.75,25.22,75.48,0,35.31,-1.95,12.91,Normal
647.65,34.96,55.4,0,88.56,-1.56,50.89,Gas Warning
419.34,33.15,60.46,0,-49.97,2.0,47.62,Gas Warning
271.57,27.4,55.61,0,86.5,1.08,0.72,Normal
634.08,42.6,49.89,1,-75.42,0.29,87.64,Fire Risk
254.71,32.38,63.57,0,-27.51,5.31,8.22,Normal
246.98,26.67,66.47,0,-66.92,-0.63,12.74,Normal
833.0,75.16,16.96,1,-60.45,-14.49,89.87,Critical
646.93,33.5,59.33,0,92.83,-2.38,32.1,Gas Warning
677.84,36.5,64.56,0,194.62,-2.88,51.04,Gas Warning
747.29,50.21,40.87,1,68.77,-12.78,74.12,Fire Risk
811.03,71.23,33.86,1,-160.83,-19.59,90.55,Critical
178.15,29.77,59.52,0,-154.33,0.78,9.14,Normal
613.73,40.02,42.61,0,36.3,-15.18,80.22,Fire Risk
397.23,28.15,57.26,0,-227.6,0.74,59.29,Gas Warning
251.49,26.0,70.1,0,-4.13,-0.03,13.38,Normal
294.11,29.14,66.6,0,30.63,-1.12,6.8,Normal
661.48,31.51,50.6,0,-26.19,-1.22,32.48,Gas Warning
193.79,31.66,72.5,0,-5.5,2.73,14.16,Normal
668.89,28.73,44.32,0,226.56,-7.62,33.3,Gas Warning
628.26,34.92,56.38,0,105.12,0.05,30.93,Gas Warning
234.67,27.59,57.52,0,50.35,-1.11,6.13,Normal
298.15,31.5,71.57,0,43.04,2.11,4.99,Normal
317.67,29.14,60.51,0,15.1,2.51,7.51,Normal
987.83,72.52,35.97,1,3.91,-21.46,88.53,Critical
532.05,36.03,45.76,0,55.36,-0.06,43.36,Gas Warning
725.06,44.04,38.31,1,90.58,-3.36,71.63,Fire Risk
159.75,27.39,56.57,0,-100.91,-4.23,13.1,Normal
792.52,41.33,45.21,1,59.48,-25.78,85.83,Fire Risk
531.41,34.64,59.99,0,20.2,0.9,54.71,Gas Warning
943.6,75.41,23.77,1,103.68,5.67,97.38,Critical
213.97,30.28,67.4,0,-136.21,6.42,12.91,Normal
647.51,54.26,43.06,1,-58.64,-1.31,75.89,Fire Risk
1000.35,87.77,36.15,1,194.79,-11.63,96.28,Critical
767.97,60.27,31.49,1,25.94,-5.43,72.58,Fire Risk
586.04,56.6,32.77,1,-237.98,14.43,74.22,Fire Risk
259.27,32.36,72.37,0,29.24,0.32,4.46,Normal
554.48,38.57,61.12,0,75.99,10.02,35.01,Gas Warning
263.48,30.25,71.76,0,-9.83,4.22,11.92,Normal
791.77,60.01,33.74,1,201.87,13.41,87.61,Fire Risk
655.19,37.02,66.45,0,47.65,4.49,48.66,Gas Warning
190.09,25.4,50.78,0,-93.3,-1.27,8.01,Normal
901.01,66.77,22.58,1,-38.05,-10.95,92.08,Critical
809.57,52.7,37.58,1,101.48,6.0,72.3,Fire Risk
481.1,36.16,68.0,0,-190.91,0.01,41.63,Gas Warning
622.67,49.83,39.98,1,49.23,-9.98,84.08,Fire Risk
388.16,34.67,53.45,0,-233.78,4.53,45.18,Gas Warning
451.03,36.85,55.79,0,-55.15,-1.63,31.53,Gas Warning
619.98,61.87,49.96,1,-1.35,18.07,83.6,Fire Risk
288.78,35.17,58.17,0,56.72,3.09,6.19,Normal
640.96,51.02,48.24,0,-45.66,-17.33,75.26,Fire Risk
950.4,77.67,23.36,1,-20.02,-7.14,99.9,Critical
254.21,34.19,56.16,0,82.73,5.59,12.42,Normal
664.71,31.93,47.76,0,234.35,-5.08,34.28,Gas Warning
271.29,24.28,52.66,0,-20.21,-3.34,3.94,Normal
750.12,88.01,39.22,1,-188.71,-0.96,90.11,Critical
248.34,27.47,70.27,0,95.16,0.17,10.84,Normal
241.42,28.83,64.62,0,8.12,-0.3,5.52,Normal
169.59,32.68,64.01,0,-68.17,-2.08,1.11,Normal
1016.87,65.71,33.27,1,205.94,-14.25,89.29,Critical
600.91,26.25,60.85,0,-69.61,-8.77,53.73,Gas Warning
934.1,68.91,37.01,1,-88.9,-2.19,93.41,Critical
535.91,40.34,60.24,0,-18.46,0.88,48.49,Gas Warning
785.29,53.92,37.84,1,118.21,9.25,86.99,Fire Risk
157.13,27.58,69.31,0,-171.31,-0.87,13.15,Normal
323.51,30.67,61.61,0,40.94,-1.06,9.44,Normal
443.07,31.12,51.15,0,-170.69,2.83,41.19,Gas Warning
389.47,37.81,45.77,0,-297.94,4.98,52.3,Gas Warning
780.68,69.47,26.02,1,-2.26,-0.76,92.61,Critical
354.9,24.5,64.06,0,133.44,-1.14,1.98,Normal
241.99,28.51,59.97,0,49.72,3.4,2.32,Normal
339.48,31.56,68.65,0,102.27,1.16,14.24,Normal
185.07,26.33,50.2,0,-142.3,-3.19,12.52,Normal
300.99,29.89,69.64,0,114.32,-5.52,9.51,Normal
182.66,28.29,70.54,0,-32.22,0.3,3.56,Normal
321.75,31.93,54.9,0,-28.57,0.9,10.71,Normal
701.65,43.29,34.95,1,-120.92,-23.01,68.29,Fire Risk
233.04,33.74,48.54,0,-80.62,0.16,12.49,Normal
319.95,33.59,64.68,0,141.11,3.36,5.74,Normal
681.12,50.12,33.74,1,39.58,4.7,84.34,Fire Risk
502.98,33.77,49.07,0,-75.08,3.91,54.71,Gas Warning
603.43,35.74,48.27,0,15.21,5.18,39.34,Gas Warning
707.31,50.54,40.88,1,143.27,-9.12,73.72,Fire Risk
270.68,30.56,64.16,0,29.66,-2.34,9.04,Normal
168.3,31.06,68.41,0,-22.55,7.81,11.67,Normal
709.5,42.31,29.78,1,7.85,-0.98,89.59,Fire Risk
621.32,31.53,60.74,0,-19.72,-3.51,37.47,Gas Warning
539.51,31.5,53.08,0,7.45,-4.53,58.3,Gas Warning
470.9,36.55,48.52,0,-108.22,5.95,32.3,Gas Warning
326.0,34.23,63.01,0,8.04,3.38,5.93,Normal
283.39,26.66,72.66,0,6.14,1.29,7.87,Normal
931.4,74.45,20.85,1,16.58,-8.41,99.32,Critical
646.35,36.18,62.39,0,136.05,-4.13,46.53,Gas Warning
144.11,29.44,69.01,0,-78.37,-1.73,11.45,Normal
148.31,30.6,66.16,0,-57.12,1.17,3.71,Normal
788.25,64.28,16.16,1,-44.5,-6.26,98.33,Critical
981.11,61.81,18.76,1,15.99,-4.45,96.69,Critical
317.33,25.72,64.72,0,46.65,-4.84,9.04,Normal
177.4,31.78,65.22,0,-98.51,3.78,4.94,Normal
765.9,44.03,54.49,1,-25.87,-15.98,67.01,Fire Risk
269.95,27.58,56.9,0,1.7,-0.62,9.29,Normal
455.36,35.07,56.04,0,-68.44,2.86,42.0,Gas Warning
933.99,73.3,37.89,1,-51.65,-1.48,98.93,Critical
378.98,37.41,55.15,0,-187.85,6.91,34.58,Gas Warning
342.69,30.66,74.76,0,46.88,3.18,2.72,Normal
599.44,32.84,54.95,0,74.97,-2.97,55.99,Gas Warning
279.33,25.71,57.36,0,87.64,-7.28,13.65,Normal
480.35,30.35,47.79,0,-160.34,-0.76,44.35,Gas Warning
178.82,31.16,63.97,0,-140.38,1.73,5.7,Normal
618.02,47.38,37.19,1,-159.44,-0.83,72.95,Fire Risk
574.45,35.85,48.01,0,201.92,5.57,43.9,Gas Warning
871.98,80.75,17.04,1,-77.01,6.92,96.94,Critical
309.26,27.43,53.68,0,-54.03,-3.86,10.31,Normal
966.36,94.86,16.51,1,237.51,1.02,96.45,Critical
261.36,26.28,61.63,0,-67.99,-2.2,2.24,Normal
186.24,26.5,52.58,0,9.54,-3.83,0.74,Normal
317.92,25.94,62.64,0,117.8,-1.09,6.19,Normal
921.31,89.68,38.56,1,-12.78,20.77,89.74,Critical
197.94,26.36,64.4,0,35.87,-5.72,3.9,Normal
473.22,32.78,44.69,0,-121.42,-3.2,48.1,Gas Warning
481.77,28.01,65.13,0,-92.68,-7.84,44.14,Gas Warning
199.34,33.21,70.78,0,17.86,0.67,6.4,Normal
160.72,29.01,55.45,0,-16.51,-2.11,13.96,Normal
255.54,31.22,53.1,0,8.88,4.57,4.79,Normal
602.12,30.47,58.06,0,-38.38,-0.2,36.35,Gas Warning
687.51,29.03,59.07,0,57.08,0.44,33.69,Gas Warning
441.21,38.04,50.79,0,-77.98,8.5,57.77,Gas Warning
1023,70.8,28.92,1,257.99,-29.2,89.4,Critical
909.08,89.68,28.46,1,59.0,0.36,99.86,Critical
794.23,47.97,51.4,1,126.28,-12.17,89.85,Fire Risk
634.6,28.48,58.13,0,-23.67,-2.08,35.26,Gas Warning
672.01,36.14,64.92,0,227.27,-2.51,53.56,Gas Warning
259.91,26.98,59.85,0,-7.97,1.6,4.2,Normal
433.5,39.0,51.5,0,40.53,7.69,51.2,Gas Warning
223.89,33.42,76.64,0,-34.69,0.08,7.25,Normal
703.75,64.67,49.86,1,-88.52,18.47,88.72,Fire Risk
577.43,55.2,50.74,0,-140.2,12.35,70.14,Fire Risk
259.97,28.99,60.05,0,-44.44,0.71,14.72,Normal
